,Compound,Date,Negative,Neutral,Positive,Source,Text,Tweets Ago
0,0.0,Sat Oct 06 15:32:00 +0000 2018,1.0,0.0,0.0,BBC,"These caves in rural Italy have been transformed into hotel rooms. üòçüáÆüáπ

#Mediterranean with @Simon_Reeve starts on‚Ä¶ https://t.co/odrZvluN8x",1
1,-0.4189,Sat Oct 06 15:11:07 +0000 2018,0.709,0.2,0.091,BBC,"Please can everyone stop drinking their own urine?
It‚Äôs really not very good for you.
üëâ https://t.co/gJwPTW9aiI https://t.co/E8aW02uYqp",2
2,0.0,Sat Oct 06 14:06:03 +0000 2018,1.0,0.0,0.0,BBC,"Going, going, gone!

A Banksy artwork shredded itself after it was sold for more than ¬£1m at Sotheby's in London.‚Ä¶ https://t.co/Qm7OwhiXT5",3
3,-0.4939,Sat Oct 06 13:10:02 +0000 2018,0.789,0.211,0.0,BBC,‚ù§Ô∏è George Shelley opens up about grief and how to cope. https://t.co/4SajjiJI6e,4
4,-0.4588,Sat Oct 06 12:08:01 +0000 2018,0.769,0.231,0.0,BBC,Footage shows hundreds of tents abandoned by people after #LeedsFestival‚Ä¶ https://t.co/VPTNlAVId4,5
5,0.5095,Sat Oct 06 11:07:05 +0000 2018,0.679,0.098,0.222,BBC,"üéì Losing friends, moving home and being broke... what's life after university really like?
üëâ https://t.co/5sabryzvbw https://t.co/9x23y45XtO",6
6,-0.128,Sat Oct 06 10:03:00 +0000 2018,0.711,0.154,0.134,BBC,"‚úâÔ∏è @StephenFry reads the letters of Otto von W√§chter, a senior Austrian Nazi who escaped justice after the war.

Li‚Ä¶ https://t.co/eadlYB4D0K",7
7,-0.4767,Sat Oct 06 09:08:03 +0000 2018,0.795,0.205,0.0,BBC,"How a bike accident transformed the lives of thousands of disabled people. 
#BBCInnovators https://t.co/NKOauhKD7M",8
8,0.7506,Sat Oct 06 08:07:02 +0000 2018,0.748,0.0,0.252,BBC,"‚úçÔ∏è Inspired by the book he famously illustrated 30 years ago, Sir Quentin Blake imagines what Roald Dahl's Matilda‚Ä¶ https://t.co/DzXk7J6M2p",9
9,0.2732,Sat Oct 06 07:40:34 +0000 2018,0.823,0.066,0.111,BBC,"RT @BBCTheOneShow: 1.5 million people may have been affected by the tsunami in Sulawesi. 
Here‚Äôs how you can help the @decappeal https://t.‚Ä¶",10
10,0.7003,Sat Oct 06 07:08:02 +0000 2018,0.655,0.0,0.345,BBC,"‚òïÔ∏èüíõ This Amazing Human uses coffee to give homeless people a second chance.

https://t.co/wOc1ce2B3J",11
11,-0.8074,Fri Oct 05 19:04:05 +0000 2018,0.644,0.356,0.0,BBC,"Follow some of the debt counsellors working for Christians Against Poverty.

The Debt Saviours | 9pm | @BBCTwo |‚Ä¶ https://t.co/t0c5uwl4jk",12
12,0.0,Fri Oct 05 18:08:03 +0000 2018,1.0,0.0,0.0,BBC,üí™üêî Check out these miniature chicken bodybuilders. https://t.co/rfRrfZMVkM,13
13,0.0,Fri Oct 05 17:03:08 +0000 2018,1.0,0.0,0.0,BBC,John Humphrys presents the first heat of the series as the hunt for the nation's Mastermind gets back underway.‚Ä¶ https://t.co/hQdf779Yeo,14
14,0.4404,Fri Oct 05 16:05:04 +0000 2018,0.749,0.084,0.167,BBC,FACT: Britons can only let go emotionally when a barmaid breaks some glasses... üòÇ #TheMashReport https://t.co/Hk2tqQv8WR,15
15,0.3612,Fri Oct 05 15:32:37 +0000 2018,0.902,0.0,0.098,BBC,"RT @1Xtra: .@RayBLK_'s #LiveLounge cover of 'A Natural Woman' for #BackHistoryMonth was just incredible.  

Full video üëâüèø https://t.co/6TNL‚Ä¶",16
16,0.8625,Fri Oct 05 14:06:12 +0000 2018,0.578,0.065,0.357,BBC,"RT @BBCWales: üòÇ Best global marketing campaign ever? 

üÜï #FestivalofFunny comedy: #TouristTrap 
‚≠êÔ∏è @MikeBubbins, @MariBarf, @SallyEPhillips‚Ä¶",17
17,0.6124,Fri Oct 05 14:06:04 +0000 2018,0.828,0.0,0.172,BBC,"RT @BBCWales: The new tourism head honcho for Wales gets hands on as she learns all about making love...spoons. üòÜ

üÜï Comedy: #TouristTrap‚Ä¶",18
18,0.0,Fri Oct 05 13:55:03 +0000 2018,1.0,0.0,0.0,BBC,"RT @BBCWales: üòÆWE JUST DROPPED ALL OF #TOURISTTRAP ON @BBCIPLAYER. 

‚ú®WATCH EVERY EPISODE HERE üëâ https://t.co/kOmZRWZt8D

üëçHAPPY FRIDAY! #F‚Ä¶",19
19,-0.1027,Fri Oct 05 13:02:07 +0000 2018,0.928,0.072,0.0,BBC,"'I hid my baby from social services in case they took it away.'
üëâ https://t.co/GzIQQwypFT https://t.co/2m4sqlGogP",20
20,0.1779,Fri Oct 05 12:33:00 +0000 2018,0.673,0.126,0.202,BBC,"Raoul the turtle had a lucky escape after getting tangled in plastic waste. üê¢

#Mediterranean with @simon_reeve sta‚Ä¶ https://t.co/naQPqpDwpy",21
21,-0.2732,Fri Oct 05 12:03:07 +0000 2018,0.884,0.116,0.0,BBC,"üê¨ This woman taught a dolphin to speak English. 

üîà Sound up for this one‚Ä¶  https://t.co/wck12UVoRr",22
22,0.8555,Fri Oct 05 11:03:05 +0000 2018,0.669,0.0,0.331,BBC,"Why does everybody love moth memes?

It's the one-sided love story that we can all relate to...
üëâ‚Ä¶ https://t.co/55Oz8ULaX3",23
23,0.743,Fri Oct 05 10:00:25 +0000 2018,0.674,0.0,0.326,BBC,"RT @BBCTwo: We literally can't get enough of @donaldglover's amazing smile. üòÅüòÅ #Atlanta #WorldSmileDay
https://t.co/ovzKcY0pKg",24
24,0.3818,Fri Oct 05 09:32:19 +0000 2018,0.478,0.22,0.303,BBC,"The Nobel Peace Prize has been awarded to campaigners against rape in warfare Nadia Murad and Denis Mukwege. 
üëâ‚Ä¶ https://t.co/getpPN0hD9",25
25,0.7414,Fri Oct 05 09:27:55 +0000 2018,0.77,0.0,0.23,BBC,RT @BBC_Teach: It‚Äôs #WorldTeachersDay üë©üè´ so to celebrate we're inviting you to upload a video of yourself singing &amp; dancing along to one of‚Ä¶,26
26,-0.6705,Fri Oct 05 09:08:05 +0000 2018,0.8,0.2,0.0,BBC,"The quest for extreme selfies killed 259 people between 2011 and 2017, a 2018 global study has revealed.
üëâ‚Ä¶ https://t.co/uojB5RWAf2",27
27,0.5994,Fri Oct 05 08:00:11 +0000 2018,0.804,0.0,0.196,BBC,üë©üèæ‚Äçüé®üé®üñº This artist on a mission to change how black women are illustrated with her beautiful designs. https://t.co/OiKhaT5joi,28
28,0.5719,Fri Oct 05 07:08:05 +0000 2018,0.773,0.0,0.227,BBC,"From dream job to reality: How do career dreams really work out?
üëâ https://t.co/jXwJd5MzSu https://t.co/cf8HHuYtyi",29
29,0.0,Fri Oct 05 06:11:03 +0000 2018,1.0,0.0,0.0,BBC,"These urban corals are thriving against all odds in Miami.

#OurBluePlanet w/ @oceanx + @coralmorph https://t.co/zjeBH83ZM7",30
30,0.0,Thu Oct 04 20:06:04 +0000 2018,1.0,0.0,0.0,BBC,"üé∂ @BTS_twt is the #KPop band taking over the world and smashing records everywhere. 

Who are they and how did they‚Ä¶ https://t.co/SSFjTKFAjU",31
31,-0.5209,Thu Oct 04 19:01:08 +0000 2018,0.684,0.218,0.097,BBC,"Could the power of fake pills be used to treat some of our most common medical complaints? üíä

#Horizon The Placebo‚Ä¶ https://t.co/R3YMojVEYu",32
32,0.0,Thu Oct 04 18:01:09 +0000 2018,1.0,0.0,0.0,BBC,"This is how homophobia feels in 2018. 
#NationalPoetryDay https://t.co/Dk2F3dDLPl",33
33,-0.6124,Thu Oct 04 17:11:06 +0000 2018,0.654,0.25,0.096,BBC,"ü•ì Regularly eating foods like bacon and sausages may raise the risk of breast cancer, according to researchers.
üëâ‚Ä¶ https://t.co/drh72r7tDj",34
34,0.4215,Thu Oct 04 16:03:07 +0000 2018,0.714,0.0,0.286,BBC,"Maya Angelou: prolific, powerful, and a polymath. 
#BlackHistoryMonth https://t.co/99z0ppyKYK",35
35,-0.4588,Thu Oct 04 15:29:47 +0000 2018,0.67,0.242,0.088,BBC,"RT @BBCWales: Forget the lies and the myths about growing up on an estate. 

#NationalPoetryDay

https://t.co/HPKwfqx7bq",36
36,0.0,Thu Oct 04 14:01:23 +0000 2018,1.0,0.0,0.0,BBC,"How did Shakespeare invent all those clich√©s? And how can he be stopped?! ü§î
#NationalPoetryDay  https://t.co/sCmnhZiv4G",37
37,0.1531,Thu Oct 04 13:03:03 +0000 2018,0.89,0.0,0.11,BBC,"üå°üåç What does 1.5C mean in a warming world?
üëâ https://t.co/XzjY5M8oNl https://t.co/kMLXVnvjxm",38
38,-0.25,Thu Oct 04 12:02:05 +0000 2018,0.429,0.357,0.214,BBC,Are you feeling lonely? https://t.co/HxqBp6oh17,39
39,0.4404,Thu Oct 04 11:28:10 +0000 2018,0.813,0.0,0.187,BBC,"RT @BBCEarth: This #WorldAnimalDay, we‚Äôre giving you an exclusive first look at David Attenborough‚Äôs new series.

#Dynasties - Coming soon‚Ä¶",40
40,0.0,Thu Oct 04 11:13:01 +0000 2018,1.0,0.0,0.0,BBC,"Ever heard a beatboxing starling? üîäüîä
#WorldAnimalDay https://t.co/N758EN4j3s",41
41,0.1759,Thu Oct 04 10:45:47 +0000 2018,0.546,0.206,0.248,BBC,"The pika might just be the world's cutest thief! 
#WorldAnimalDay https://t.co/v8dSKoVYgD",42
42,0.0,Thu Oct 04 10:26:38 +0000 2018,1.0,0.0,0.0,BBC,Could this squat be a moment that sparks change? https://t.co/GFXOeWufHl,43
43,0.4939,Thu Oct 04 08:00:04 +0000 2018,0.789,0.0,0.211,BBC,"üê¨ A dolphin with a prosthetic tail inspired Ellie‚Äôs Paralympic journey.

#OurBluePlanet w/ @oceanx https://t.co/WtUfOh4W2Z",44
44,-0.2263,Thu Oct 04 07:03:02 +0000 2018,0.651,0.172,0.177,BBC,"ü•ó Eating a Mediterranean diet may help prevent depression, research suggests.
üëâ https://t.co/FIpHPRQHqV https://t.co/tl4BbDsxUa",45
45,-0.5994,Thu Oct 04 06:03:01 +0000 2018,0.769,0.231,0.0,BBC,"3 homeless people die every week in the UK.
Meanwhile in Finland...

(via @BBCThree) https://t.co/P4MYjbE4d1",46
46,0.4939,Wed Oct 03 19:04:04 +0000 2018,0.819,0.0,0.181,BBC,"The search for Lord Sugar's next business partner begins, and this year the challenges are bigger and better than e‚Ä¶ https://t.co/El1AyC5sXs",47
47,0.0,Wed Oct 03 17:59:01 +0000 2018,1.0,0.0,0.0,BBC,üéß‚ù§Ô∏è Dementia playlists are making such a big difference to these people.  https://t.co/ojVDVuP6to,48
48,0.5411,Wed Oct 03 17:03:42 +0000 2018,0.851,0.0,0.149,BBC,RT @BBCnireland: ‚úç @BBCApprentice is back tonight on @BBCOne so here are some tips to get you hired! - https://t.co/gc5KSIFQf1 https://t.co‚Ä¶,49
49,0.4404,Wed Oct 03 16:55:01 +0000 2018,0.868,0.0,0.132,BBC,‚ù§Ô∏è Couples will soon be able to choose a civil partnership instead of a marriage thanks to Rebecca and Charles. https://t.co/nampxOV5ur,50
50,0.0,Wed Oct 03 15:58:03 +0000 2018,1.0,0.0,0.0,BBC,üçú The humble origins of an incredibly versatile food ‚Äì the potted history of instant noodles. https://t.co/3RMBZ33zFY,51
51,0.0,Wed Oct 03 13:04:03 +0000 2018,1.0,0.0,0.0,BBC,"üåô 'Leonardo da Vinci was the first recorded person to realise what a crescent moon was.'

Nine out of this world fa‚Ä¶ https://t.co/cpzfOniwxA",52
52,0.7299,Wed Oct 03 11:57:04 +0000 2018,0.695,0.0,0.305,BBC,"That time @RyanGosling was training to be an astronaut and DEFINITELY WASN'T (was) sick. 
#TheGNShow https://t.co/mf8dnizxAV",53
53,0.2732,Wed Oct 03 11:01:02 +0000 2018,0.89,0.0,0.11,BBC,"üï∫üéô 'Tom Daley was an Elvis impersonator - with his dad'

10 surprising things we learned from @TomDaley1994‚Äôs‚Ä¶ https://t.co/NGQAEEJWdl",54
54,-0.5574,Wed Oct 03 08:02:04 +0000 2018,0.753,0.247,0.0,BBC,"19-year-old rapper Kitch has a stutter when he speaks - but when he performs, it usually disappears. https://t.co/tVXhIeAwEg",55
55,0.0,Wed Oct 03 08:01:24 +0000 2018,1.0,0.0,0.0,BBC,"RT @BBCRadio2: ü•ÅDrumroll please!ü•Å

Our brand new Breakfast Show host is @ZoeTheBall! üëè

https://t.co/th597DBxQI https://t.co/dbfQgMsuHO",56
56,-0.6124,Wed Oct 03 07:04:08 +0000 2018,0.815,0.185,0.0,BBC,"üêß A zoo has been forced to fill its new penguin exhibit with models, as a shortage of birds means it is unable to g‚Ä¶ https://t.co/BmSAy8zQJP",57
57,0.0,Wed Oct 03 06:08:02 +0000 2018,1.0,0.0,0.0,BBC,"""Oh, I'm so sorry,"" and other things not to say to amputees. 
(via @BBCThree) https://t.co/L8eiOleNyi",58
58,0.0,Tue Oct 02 19:02:07 +0000 2018,1.0,0.0,0.0,BBC,"Discover the extraordinary story of how a small Scottish bank grew to briefly become the biggest in the world, befo‚Ä¶ https://t.co/OQpgOJ7edi",59
59,-0.802,Tue Oct 02 17:55:03 +0000 2018,0.573,0.427,0.0,BBC,Knife crime is up 22%. Who are the victims and what‚Äôs to blame? https://t.co/ZEAml31p9m,60
60,0.4019,Tue Oct 02 17:06:06 +0000 2018,0.847,0.0,0.153,BBC,"The gender reveal party that sparked a massive 47,000 acre wildfire. 
üëâ https://t.co/b0Xc17AuK5 https://t.co/ROh8TOMH7K",61
61,0.7096,Tue Oct 02 16:06:02 +0000 2018,0.766,0.0,0.234,BBC,"In 2002, Iberian Lynx were the rarest cats in the world. But then something remarkable happened... https://t.co/iEVCaSDvjN",62
62,-0.2732,Tue Oct 02 14:06:04 +0000 2018,0.554,0.242,0.204,BBC,Two scientists who discovered how to fight cancer using the body's immune system have won the 2018 #NobelPrize for‚Ä¶ https://t.co/fIj6Ly7Z3u,63
63,0.5994,Tue Oct 02 13:05:03 +0000 2018,0.795,0.0,0.205,BBC,"üç≤üòã A bowl of warm, hearty stew is always a welcome sight on a cold day.

From a classic beef stew to a vegetarian h‚Ä¶ https://t.co/1X1qdk14Oh",64
64,0.0,Tue Oct 02 12:05:04 +0000 2018,1.0,0.0,0.0,BBC,"Jodie Whittaker. New Doctor...and a 'Shat Lass'.
#TheGNShow #DoctorWho https://t.co/25HwEbjAfn",65
65,0.5719,Tue Oct 02 10:47:27 +0000 2018,0.829,0.0,0.171,BBC,"Donna Strickland has become the first woman to have won the #NobelPrize in Physics in 55 years. 
üëâ‚Ä¶ https://t.co/hGIojnR1W0",66
66,0.0,Tue Oct 02 10:27:17 +0000 2018,1.0,0.0,0.0,BBC,"RT @BBCSport: SPOTY is back - and there are some big changes.

The BBC Sports Personality of the Year 2018 contenders will be revealed on t‚Ä¶",67
67,0.6696,Tue Oct 02 10:16:58 +0000 2018,0.728,0.0,0.272,BBC,"‚ù§Ô∏èüíÉüèª Ballet is still the love of Joyce's life at 98-years-old! 
#WorldBalletDay https://t.co/nzr3Jy1wbS",68
68,-0.6705,Tue Oct 02 09:22:00 +0000 2018,0.769,0.231,0.0,BBC,"Over 300,000 marine animals are killed after becoming entangled in fishing gear every year. 
#DrowningInPlastic‚Ä¶ https://t.co/WmFqGMo8Es",69
69,0.0,Tue Oct 02 09:10:44 +0000 2018,1.0,0.0,0.0,BBC,RT @bbccomedy: ‚ÄòThere She Goes‚Äô starring @JefficaHoons and David Tennant comes to @BBCFOUR on October 16th. https://t.co/tH37Wg5TBC,70
70,-0.7964,Tue Oct 02 08:00:09 +0000 2018,0.679,0.321,0.0,BBC,"In January 1918, the Spanish flu swept the world and killed more people than WW1. 
#TheFluThatKilled50Million https://t.co/WinYKnWfSA",71
71,0.0,Tue Oct 02 07:05:06 +0000 2018,1.0,0.0,0.0,BBC,"üëõ Do you know where your tips go? 

A guide to how tipping works in restaurants.
üëâ https://t.co/CNU4t3iogG https://t.co/7dcsckQwcG",72
72,-0.6486,Tue Oct 02 06:09:05 +0000 2018,0.798,0.202,0.0,BBC,"More than half of the world's killer whales could be wiped out by man-made chemicals, scientists say.  https://t.co/w1SaxVchyO",73
73,-0.128,Mon Oct 01 19:00:01 +0000 2018,0.919,0.081,0.0,BBC,Wildlife biologist @LizBonnin visits scientists working at the cutting edge of plastics research. She works with le‚Ä¶ https://t.co/rSc4ZR9MEX,74
74,0.0,Mon Oct 01 17:16:04 +0000 2018,1.0,0.0,0.0,BBC,"A 19-year-old university student has described his photograph of a white fallow buck sneezing as a ""one-in-a-millio‚Ä¶ https://t.co/A1q3ZEIz2z",75
75,0.7506,Mon Oct 01 16:05:44 +0000 2018,0.748,0.0,0.252,BBC,"RT @BBCFood: ü•ï It's World Vegetarian Day and we're celebrating all things veggie. Whether you're looking for a quick lunch, a healthy trayb‚Ä¶",76
76,0.0,Mon Oct 01 15:48:02 +0000 2018,1.0,0.0,0.0,BBC,"RT @CBeebiesHQ: Cuddle up cheek to cheek!

Sharon D. Clarke is back for tonight's #BedtimeStory üò¥üìö

The biographical tale of Ella Fitzgeral‚Ä¶",77
77,0.0,Mon Oct 01 15:00:02 +0000 2018,1.0,0.0,0.0,BBC,These scientists have found plastic in every area of the Arctic; there are about 225 trillion particles in the whol‚Ä¶ https://t.co/UoKtCXow1b,78
78,0.0,Mon Oct 01 14:01:07 +0000 2018,1.0,0.0,0.0,BBC,"An Astrophysicist? A World Traveller? CEO of the British Library? üî≠üìöü§∑

Illustrator Sir Quentin Blake has reimagined‚Ä¶ https://t.co/PqXhCcoHH9",79
79,0.0,Mon Oct 01 13:04:26 +0000 2018,1.0,0.0,0.0,BBC,"RT @bbcgetinspired: 'I'm a Muslim woman, I'm visually-impaired and I'm a boxer' ü•äü•ä #GetInspired 

https://t.co/zJorjZokVM",80
80,0.7456,Mon Oct 01 13:03:06 +0000 2018,0.689,0.0,0.311,BBC,"üé∂üåü@LadyGaga and Jodie Whittaker playing the #DoctorWho theme tune on the theremin is AMAZING. #TheGNShow

https://t.co/PEwaE9tzNH",81
81,0.128,Mon Oct 01 12:33:03 +0000 2018,0.705,0.137,0.159,BBC,"üòÇüòÉüòê Can you spot a fake laugh? 

Take this quiz to find out. üëâ https://t.co/LAFjV5ggf7 https://t.co/sFjlLRwzQK",82
82,-0.5574,Mon Oct 01 12:08:21 +0000 2018,0.833,0.167,0.0,BBC,"Geoffrey Hayes, who hosted long-running children's TV show, Rainbow, has died aged 76.
üëâ https://t.co/10XDMpYCiz https://t.co/vPs5odJKqy",83
83,0.7003,Mon Oct 01 11:03:02 +0000 2018,0.655,0.0,0.345,BBC,"This Amazing Human uses coffee to give homeless people a second chance. ‚òïÔ∏èüíõ#InternationalCoffeeDay

https://t.co/wOc1ce2B3J",84
84,0.3818,Mon Oct 01 10:03:06 +0000 2018,0.591,0.134,0.274,BBC,"Turns out it's *quite* difficult to keep a straight face while testing laughing gas...

https://t.co/nFlgKY7NuY",85
85,-0.7351,Mon Oct 01 09:46:54 +0000 2018,0.763,0.237,0.0,BBC,RT @BBCRadio4: We conducted the world's largest survey on loneliness and discovered that 16-24 year olds are the loneliest age group. Read‚Ä¶,86
86,0.0,Mon Oct 01 09:04:02 +0000 2018,1.0,0.0,0.0,BBC,"We cannot WAIT for the new Doctor Who series! @bbcdoctorwho #TheGNShow

https://t.co/BkxpymO5Be",87
87,0.7845,Mon Oct 01 08:02:02 +0000 2018,0.734,0.0,0.266,BBC,"Start your Monday the right way. Watch Tom Hardy explain to a child why we should love all things equally. üíîüò≠

https://t.co/646n5wwjvL",88
88,-0.875,Mon Oct 01 07:32:01 +0000 2018,0.5,0.5,0.0,BBC,Persistent chemical pollution threatens the future of killer whales. üíî https://t.co/wJJIQj8WLK https://t.co/saSP4leLjt,89
89,-0.872,Mon Oct 01 07:03:05 +0000 2018,0.602,0.398,0.0,BBC,"Last year @higeorgeshelley's sister died in an accident. 

He opens up about grief and how to cope.

https://t.co/4SajjiJI6e",90
90,0.4753,Sun Sep 30 20:21:03 +0000 2018,0.843,0.0,0.157,BBC,"RT @BBCOne: ‚ÄúI see women out with their babies walking around like it‚Äôs nothing‚Ä¶ I just want to yell out at them, ‚ÄúYou‚Äôre amazing!‚Äù @Jenna_‚Ä¶",91
91,0.6239,Sun Sep 30 19:39:53 +0000 2018,0.687,0.0,0.313,BBC,RT @bbcstrictly: Wow. #Strictly Movie Week looks wand-erful! üßô‚Äç‚ôÇÔ∏è‚ú® https://t.co/3Iko29h06s,92
92,0.0,Sun Sep 30 19:03:02 +0000 2018,1.0,0.0,0.0,BBC,"A mother‚Äôs life disintegrates while the world looks on. 

#TheCry | 9pm | @BBCOne | https://t.co/hDRdVsMamq https://t.co/2SrLnoKGLi",93
93,0.0,Sun Sep 30 17:16:03 +0000 2018,1.0,0.0,0.0,BBC,Tonight it's the first @BBCStrictly results show! Find out which couples have made it through and which two will be‚Ä¶ https://t.co/vytPpS8tTl,94
94,0.5106,Sun Sep 30 16:22:42 +0000 2018,0.769,0.063,0.167,BBC,"RT @BBCOne: #TheCry ""is the perfect replacement for #Bodyguard, a twisting, turning whodunit that leaves you questioning everybody."" The Te‚Ä¶",95
95,0.4574,Sun Sep 30 16:22:25 +0000 2018,0.875,0.0,0.125,BBC,"RT @BBCOne: To mark 30 years in music, we‚Äôre making a @takethat documentary special and WE NEED YOU! 

Head to https://t.co/WiKSYB8coP to s‚Ä¶",96
96,0.0,Sun Sep 30 16:01:09 +0000 2018,0.773,0.113,0.113,BBC,"üï∫‚ú® @Joe_Sugg says he worried that he was the 'joke act' in this year's #Strictly. 

https://t.co/FmKBnEJeoX https://t.co/O1GfHHBJud",97
97,0.0,Sun Sep 30 15:03:03 +0000 2018,1.0,0.0,0.0,BBC,"This is the incredible story of how London dug the Victoria Line! üöá

https://t.co/F8MsetBclS",98
98,-0.296,Sun Sep 30 14:02:04 +0000 2018,0.901,0.099,0.0,BBC,"In Japan, 'aki no koe' refers to autumn's voice, which incorporates all the sounds of the season: the wind rustling‚Ä¶ https://t.co/2fynWfK1Wu",99
99,0.0,Sun Sep 30 13:06:04 +0000 2018,1.0,0.0,0.0,BBC,"""Dyslexia tries to kick my butt daily - but I won't let it beat me"". 

https://t.co/EmtRJC2V5G",100
0,0.5423,Fri Oct 05 23:30:00 +0000 2018,0.8,0.0,0.2,CBS,"Viewers in Atlanta, Charlotte, Pittsburgh, and most of Michigan and Wisconsin, please take note of the DVR alert be‚Ä¶ https://t.co/fradnBOvdk",1
1,-0.3612,Fri Oct 05 20:10:09 +0000 2018,0.821,0.179,0.0,CBS,"RT @MadamSecretary: Worlds collide when former Secretaries of State @HillaryClinton, @madeleine, and Colin Powell stop by #MadamSecretary f‚Ä¶",2
2,0.0,Fri Oct 05 19:23:53 +0000 2018,1.0,0.0,0.0,CBS,".@TheNeighborhood's @BethBehrs and @latelateshow may have come up with a new hit show called ""Naked Rabbi.""‚Ä¶ https://t.co/KLsSlzgC0f",3
3,-0.6808,Fri Oct 05 17:42:12 +0000 2018,0.811,0.189,0.0,CBS,"RT @FBICBS: When a killer's victim survives to tell the tale, it's up to the team to catch him before he kills again. 

The first SEVEN MIN‚Ä¶",4
4,0.5023,Fri Oct 05 16:45:23 +0000 2018,0.787,0.0,0.213,CBS,But you know the CBS Fall TV that makes YOU smile. #WorldSmileDay https://t.co/JVOh5TlK0D,5
5,-0.3724,Fri Oct 05 16:45:22 +0000 2018,0.758,0.242,0.0,CBS,Not everyone smiles at the same shows #WorldSmileDay https://t.co/XFwNIFleXf,6
6,0.3612,Fri Oct 05 16:45:22 +0000 2018,0.8,0.0,0.2,CBS,"And smile at shows that, you know, get you. #WorldSmileDay https://t.co/9JpmKkB7Ky",7
7,0.6124,Fri Oct 05 16:45:21 +0000 2018,0.667,0.0,0.333,CBS,Smile at shows you‚Äôve been meaning to smile at before #WorldSmileDay https://t.co/MWrtrX62BP,8
8,0.7003,Fri Oct 05 16:45:21 +0000 2018,0.58,0.0,0.42,CBS,Get right back into smiling with your favorites #WorldSmileDay https://t.co/BohCiTymMO,9
9,0.3612,Fri Oct 05 16:45:19 +0000 2018,0.737,0.0,0.263,CBS,Time to smile at new shows #WorldSmileDay https://t.co/n45SpVXuOq,10
10,0.4199,Fri Oct 05 16:45:19 +0000 2018,0.715,0.0,0.285,CBS,Smile! CBS Fall TV is here. #WorldSmileDay https://t.co/QhmtAmJL0X,11
11,0.0,Thu Oct 04 17:17:46 +0000 2018,1.0,0.0,0.0,CBS,"The Big Bang Theory.
Young Sheldon, Mom, Murphy Brown.
S.W.A.T. Watch them tonight.

#NationalPoetryDay",12
12,-0.3875,Thu Oct 04 00:34:37 +0000 2018,0.774,0.226,0.0,CBS,@shygirlsue @Ranker And we couldn't be prouder of you.üòä https://t.co/Rt9bRkv32J,13
13,0.0,Wed Oct 03 23:45:21 +0000 2018,1.0,0.0,0.0,CBS,@suferah_khan https://t.co/hkLN6VK6WI,14
14,0.7906,Wed Oct 03 23:39:03 +0000 2018,0.682,0.0,0.318,CBS,.@Ranker is ranking the best CBS shows of all time. Did your favorites make the list? https://t.co/D3ZrfZK0Q9,15
15,0.4939,Wed Oct 03 19:35:31 +0000 2018,0.849,0.0,0.151,CBS,".@CrimMinds_CBS returns tonight for its 300th episode. In honor of the milestone season premiere, the cast has a me‚Ä¶ https://t.co/o9aKkBKKtw",16
16,0.6956,Wed Oct 03 17:05:20 +0000 2018,0.69,0.0,0.31,CBS,".@wayansjr debuted his perfect impression of his father on @colbertlateshow but everybody, be cool, and don't tell‚Ä¶ https://t.co/MWa9UNOORj",17
17,0.8858,Tue Oct 02 21:25:29 +0000 2018,0.646,0.0,0.354,CBS,RT @CBSAllAccess: It's a great day to be a fan of #TheTwilightZone! We're celebrating the 59th anniversary of the classic series AND the of‚Ä¶,18
18,0.0,Tue Oct 02 18:36:26 +0000 2018,1.0,0.0,0.0,CBS,"‚ö°Ô∏è ‚ÄúHappy Together Premieres on CBS‚Äù

https://t.co/W7IvELcMcw",19
19,0.1622,Tue Oct 02 17:52:53 +0000 2018,0.746,0.133,0.121,CBS,"@miamicah We don't know for sure about that, but we are sure that you should be some sort of TV detective. üôÇ https://t.co/uW5aSn7jlO",20
20,0.0,Tue Oct 02 16:49:34 +0000 2018,1.0,0.0,0.0,CBS,"‚ö°Ô∏è ‚ÄúThe Neighborhood Premieres on CBS‚Äù

https://t.co/R72l342BFE",21
21,0.3182,Tue Oct 02 02:42:23 +0000 2018,0.881,0.0,0.119,CBS,"RT @startrekcbs: Discover the next adventure of #StarTrekDiscovery January 2019, and catch #Starfleet at @NY_Comic_Con THIS Saturday. https‚Ä¶",22
22,0.765,Tue Oct 02 01:10:54 +0000 2018,0.708,0.0,0.292,CBS,The stars of @TheNeighborhood and @happytogether celebrated their shows' premieres on CBS tonight with a good old f‚Ä¶ https://t.co/fu9SJzv7hZ,23
23,0.0,Tue Oct 02 00:01:07 +0000 2018,1.0,0.0,0.0,CBS,"RT @TheNeighborhood: It's almost time! Our live Q&amp;A with the casts of #TheNeighborhood &amp; #HappyTogether is starting at 8pm ET/ 5pm PT. 

Se‚Ä¶",24
24,0.0,Mon Oct 01 21:56:03 +0000 2018,1.0,0.0,0.0,CBS,Head over to the CBS Facebook page now for the #FacebookLive with @happytogether‚Äôs @wayansjr and @TheNeighborhood‚Äôs‚Ä¶ https://t.co/37QOrVA1sh,25
25,0.296,Mon Oct 01 16:33:11 +0000 2018,0.864,0.0,0.136,CBS,Join @happytogether's @wayansjr and @TheNeighborhood's @iamgreenfield for a Facebook Live TODAY at 5:45p ET/2:45 PT‚Ä¶ https://t.co/klrx7cA41H,26
26,-0.2263,Sun Sep 30 23:51:26 +0000 2018,0.909,0.091,0.0,CBS,"Due to #NFL football game overrun, #CBS Sunday lineup is delayed in East/Central time zones ONLY. New start times:‚Ä¶ https://t.co/zmEn7CVlUi",27
27,0.6124,Sun Sep 30 17:00:00 +0000 2018,0.81,0.0,0.19,CBS,The cast of @GodFriendedMe answers some heavenly questions about social media before the show premieres tonight aft‚Ä¶ https://t.co/61Tx2GTn35,28
28,0.0,Sun Sep 30 14:34:18 +0000 2018,1.0,0.0,0.0,CBS,RT @CBSAllAccess: Stream NFL on CBS LIVE today starting at 1pm ET on CBS All Access! üèà https://t.co/vsod8jYeZl https://t.co/UBp3R4UCAd,29
29,0.0,Fri Sep 28 22:22:01 +0000 2018,1.0,0.0,0.0,CBS,"On @colbertlateshow, @TheNeighborhood's @CedEntertainer and Stephen recall the first time they met on a night when‚Ä¶ https://t.co/vjz1zVg4sR",30
30,0.0,Fri Sep 28 20:16:14 +0000 2018,1.0,0.0,0.0,CBS,".@happytogether's @wayansjr, @HereIsGina &amp; @latelateshow discuss the pros and cons of living with a pop star. Con:‚Ä¶ https://t.co/PLXFxfheW7",31
31,0.0,Fri Sep 28 17:52:41 +0000 2018,1.0,0.0,0.0,CBS,"If you haven't seen @SEALTeamCBS, make it your mission to know them before the #SEALTeam Season 2 premiere October‚Ä¶ https://t.co/NhCPI3lZSV",32
32,0.0,Fri Sep 28 16:51:50 +0000 2018,1.0,0.0,0.0,CBS,"‚ö°Ô∏è ‚ÄúMurphy Brown Returns to CBS‚Äù

https://t.co/3vsAg7WcB1",33
33,0.0,Thu Sep 27 20:19:18 +0000 2018,1.0,0.0,0.0,CBS,.@TheNeighborhood's @iamgreenfield revealing his Fiddler on the Roof goals on @latelateshow will be the earworm you‚Ä¶ https://t.co/swbh8HPwA1,34
34,0.0,Thu Sep 27 20:01:53 +0000 2018,1.0,0.0,0.0,CBS,RT @MurphyBrownCBS: A moment 20 years in the making all comes down to this. #MurphyBrown returns to @CBS tonight! https://t.co/tWSMFM3YbG,35
35,0.0,Thu Sep 27 17:19:16 +0000 2018,1.0,0.0,0.0,CBS,"Candice Bergen tells @colbertlateshow the presidential way tonight's @MurphyBrownCBS premiere imitates life, albeit‚Ä¶ https://t.co/4Kbk8gt6nS",36
36,-0.34,Thu Sep 27 16:58:08 +0000 2018,0.581,0.25,0.169,CBS,@marlagardner222 @jay_hernandez Good idea. The theme song is a dead giveaway. üòâ,37
37,0.0,Thu Sep 27 00:44:13 +0000 2018,1.0,0.0,0.0,CBS,@queenmama7777 @CBSAllAccess We believe in you! https://t.co/ZK0xaPRxVr,38
38,0.0,Thu Sep 27 00:42:15 +0000 2018,1.0,0.0,0.0,CBS,@BSkyjackcity @jokersupdates @CBSAllAccess On it. https://t.co/yxKX9ry7fw,39
39,0.1139,Wed Sep 26 21:49:27 +0000 2018,0.929,0.0,0.071,CBS,Sixteen houseguests entered and now it's down to the Final 3. Don't miss a second of the 90-minute #BB20Finale toni‚Ä¶ https://t.co/KwDHR9Hfqu,40
40,0.6249,Wed Sep 26 19:57:54 +0000 2018,0.779,0.0,0.221,CBS,"The tribe has spoken, and they do a pretty decent @JeffProbst impression just in time for the @survivorcbs Season P‚Ä¶ https://t.co/2Ps8VKblay",41
41,0.0,Wed Sep 26 17:25:43 +0000 2018,1.0,0.0,0.0,CBS,"‚ö°Ô∏è ‚ÄúFBI Premieres on CBS‚Äù

https://t.co/faL6iHZc5g",42
42,-0.2714,Tue Sep 25 21:10:56 +0000 2018,0.764,0.138,0.098,CBS,"RT @CBSAllAccess: A night of crime dramas?! Oh yes. üôå Stream @NCIS_CBS, @FBICBS &amp; @NCISNewOrleans starting at 8/7c on CBS All Access: https‚Ä¶",43
43,-0.2263,Tue Sep 25 20:31:45 +0000 2018,0.909,0.091,0.0,CBS,"Before @FBICBS premieres tonight, @mperegrym stopped by @CBSThisMorning to talk about her role as an FBI agent in t‚Ä¶ https://t.co/CPVki4Hv8y",44
44,0.0,Tue Sep 25 19:54:26 +0000 2018,1.0,0.0,0.0,CBS,RT @CBSAllAccess: üö® @PatrickBrammall. Tim Meadows. @jessicaalba. @iamgreenfield. @AHWAmySedaris. @ChrisGethard. @JoeManganiello. AND SO MAN‚Ä¶,45
45,0.7901,Tue Sep 25 19:45:33 +0000 2018,0.709,0.0,0.291,CBS,RT @bigbangtheory: Happy #NationalComicBookDay from Sheldon and his many shirts! How are you sporting your favorite superhero today? #BigBa‚Ä¶,46
46,0.0,Tue Sep 25 18:34:26 +0000 2018,1.0,0.0,0.0,CBS,"‚ö°Ô∏è ‚ÄúMagnum P.I. Premieres on CBS‚Äù

https://t.co/UtbQlcDG8S",47
47,0.0,Tue Sep 25 18:05:31 +0000 2018,1.0,0.0,0.0,CBS,".@jay_hernandez went on @latelateshow to talk about @MagnumPICBS, but he may have gotten @TiffanyHaddish as a surf‚Ä¶ https://t.co/a3acRu10aw",48
48,0.0,Mon Sep 24 18:56:15 +0000 2018,1.0,0.0,0.0,CBS,"RT @60Minutes: 60 Minutes turns 50 today. Tick, tick, tick ... https://t.co/3CVKEs9J7F",49
49,-0.2263,Sun Sep 23 23:24:03 +0000 2018,0.913,0.087,0.0,CBS,"Due to #NFL football game overrun, #CBS Sunday lineup is delayed in ATL, Indy, NOLA, Kansas City, NYC, Philly, Prov‚Ä¶ https://t.co/fejqoxtvSY",50
50,0.0,Sun Sep 23 14:00:00 +0000 2018,1.0,0.0,0.0,CBS,Kick off your Sunday with @NFL on CBS. Catch your local games live on CBS and @CBSAllAccess. üèàüì∫‚Ä¶ https://t.co/kbo7N27mY9,51
51,0.296,Fri Sep 21 19:18:00 +0000 2018,0.758,0.098,0.144,CBS,"How does $100,000 sound? Because someone is going to win all that tonight on the @TKOCBS Battle Royale finale at 9p‚Ä¶ https://t.co/JEuUZ2QlQh",52
52,-0.1531,Fri Sep 21 17:46:26 +0000 2018,0.714,0.162,0.123,CBS,@colbertlateshow @IainLoveTheatre @IainLoveTheatre made a compelling argument. We'll get back to you. üòâ,53
53,0.296,Thu Sep 20 23:17:19 +0000 2018,0.891,0.0,0.109,CBS,"Now that @bigbangtheory is entering its last season, Kaley Cuoco admits to @latelateshow she's over the show's noto‚Ä¶ https://t.co/xvhlMWBhSX",54
54,0.7896,Thu Sep 20 21:38:21 +0000 2018,0.788,0.0,0.212,CBS,RT @HawaiiFive0CBS: It‚Äôs the big Five-0! üéâ üåä #H50 premiered on this day in 1968! Celebrate 50 years of Hawaii Five-0 with every season of b‚Ä¶,55
55,0.0,Thu Sep 20 16:47:26 +0000 2018,1.0,0.0,0.0,CBS,RT @JordanPeele: üì∫üåÄ https://t.co/CygbVi4JFC,56
56,-0.0531,Wed Sep 19 19:07:37 +0000 2018,0.588,0.236,0.176,CBS,The @latelateshow and @JKCorden will never be good enough for @henrygolding's crazy rich mom.‚Ä¶ https://t.co/xVmH5Iyfvs,57
57,0.6486,Tue Sep 18 17:04:20 +0000 2018,0.791,0.0,0.209,CBS,RT @CBSThisMorning: Imagine receiving a digital friend request from someone claiming to be God. What would you do? The new @CBS drama @GodF‚Ä¶,58
58,0.9642,Mon Sep 17 22:01:52 +0000 2018,0.473,0.0,0.527,CBS,"RT @PriceIsRight: We're thrilled to be back with all new, fun, and exciting shows!!  We hope to give you another award winning season! HERE‚Ä¶",59
59,0.0,Mon Sep 17 21:41:20 +0000 2018,1.0,0.0,0.0,CBS,RT @SalvationCBS: X marks the spot on the heart-stopping season finale of #SalvationCBS tonight at 9/8c on CBS &amp; CBS All Access: https://t.‚Ä¶,60
60,0.3612,Mon Sep 17 19:18:37 +0000 2018,0.737,0.0,0.263,CBS,Waiting for tonight's @Elementary_CBS season finale like https://t.co/Ou8342vGT9,61
61,-0.2263,Sun Sep 16 23:48:59 +0000 2018,0.909,0.091,0.0,CBS,"Due to an NFL overrun, the CBS Sunday lineup is delayed in the East/Central cities ONLY. New start times:‚Ä¶ https://t.co/IypoJ0l16P",62
62,0.0,Sun Sep 16 14:33:46 +0000 2018,1.0,0.0,0.0,CBS,RT @CBSAllAccess: Sundays were made for NFL on CBS. üèàüíØ Stream NFL on CBS All Access live today: https://t.co/vsod8jGE7N https://t.co/co2528‚Ä¶,63
63,-0.4322,Sat Sep 15 16:00:01 +0000 2018,0.771,0.159,0.07,CBS,"What happens when a PTA mom steals nearly $100,000 from her daughter's school? Don't miss the #PinkCollarCrimes sea‚Ä¶ https://t.co/Gjiy0pByaE",64
64,-0.2481,Fri Sep 14 18:22:59 +0000 2018,0.598,0.233,0.17,CBS,"RT @CBSAllAccess: No internet, no problem. You can now download and play your favorite shows on CBS All Access! üôå Learn how: https://t.co/y‚Ä¶",65
65,0.0,Thu Sep 13 20:52:06 +0000 2018,1.0,0.0,0.0,CBS,@PlaggemeyLee Mac's putting something together. üòâ https://t.co/6ww5HlV6Bx,66
66,0.0,Thu Sep 13 20:28:06 +0000 2018,1.0,0.0,0.0,CBS,This just in... https://t.co/QG3OYF6Rfv,67
67,0.4753,Thu Sep 13 18:06:49 +0000 2018,0.699,0.083,0.218,CBS,RT @CBSAllAccess: Get excited! Stream original #MurphyBrown episodes for a limited time on CBS All Access before the @MurphyBrownCBS reviva‚Ä¶,68
68,0.0,Mon Sep 10 17:06:16 +0000 2018,1.0,0.0,0.0,CBS,"This just in! The 54th #ACMawards will air LIVE from Las Vegas on Sunday, April 7, 2019 at 8/7c on CBS and‚Ä¶ https://t.co/Q9e7qxe26l",69
69,-0.2263,Sun Sep 09 23:36:09 +0000 2018,0.917,0.083,0.0,CBS,"Due to an NFL overrun, CBS is delayed 17 mins in the following markets: Kansas City, Miami, Tampa, NOLA, New York,‚Ä¶ https://t.co/9eXZ9mA1Xb",70
70,0.6705,Sun Sep 09 14:00:00 +0000 2018,0.744,0.0,0.256,CBS,Are you ready for some football? üèà Stream your favorite NFL games LIVE on #CBSAllAccess today:‚Ä¶ https://t.co/eHt8guHoyv,71
71,0.4215,Sat Sep 08 16:20:43 +0000 2018,0.851,0.0,0.149,CBS,An unforgettable night of inspiring stories and performances highlighting the 10 years of impact #StandUpToCancer c‚Ä¶ https://t.co/8bp2XNKwfH,72
72,0.0,Sat Sep 08 00:00:00 +0000 2018,1.0,0.0,0.0,CBS,The star-studded event is about to begin! Tune in now to watch #StandUpToCancer on CBS and @cbsallaccess. https://t.co/cD8TJuQBog,73
73,-0.5411,Fri Sep 07 23:15:09 +0000 2018,0.712,0.196,0.092,CBS,"RT @cbsallaccess: Join #TellMeAStory's @daniellemcam, @BillyMagnussen &amp; Dorian Missick by standing up to cancer! Watch @SU2C tonight at 8/7‚Ä¶",74
74,0.0,Fri Sep 07 21:50:51 +0000 2018,1.0,0.0,0.0,CBS,Tune in to a first-of-its-kind digital live show as lead up to @SU2C‚Äôs televised event tonight! The show will featu‚Ä¶ https://t.co/hIVaLAXYmR,75
75,-0.296,Thu Sep 06 22:10:49 +0000 2018,0.879,0.121,0.0,CBS,Hollywood legend Burt Reynolds has passed away at the age of 82. He will be missed. https://t.co/HSmcJ9X9iC,76
76,0.4753,Thu Sep 06 19:00:01 +0000 2018,0.808,0.0,0.192,CBS,Here are @FBICBS‚Äô @JeremySisto and @EboneeReigne with a powerful message before #StandUpToCancer airs tomorrow! https://t.co/OCqh91N1OO,77
77,0.0,Wed Sep 05 21:00:00 +0000 2018,1.0,0.0,0.0,CBS,Here's everything you need to know before tuning into #StandUpToCancer this Friday at 8/7c: https://t.co/IT9ht84TZ1 https://t.co/OK4AOxw5mP,78
78,0.3612,Wed Sep 05 17:32:40 +0000 2018,0.889,0.0,0.111,CBS,Survivor host @JeffProbst is here to break down the theme of #Survivor: David vs. Goliath before the new season beg‚Ä¶ https://t.co/8TcA200eFQ,79
79,0.6908,Wed Sep 05 16:48:09 +0000 2018,0.467,0.0,0.533,CBS,"Thanks, @StephenAtHome. 
P.S. Nice beard. #LSSC https://t.co/wppVtfR9cL",80
80,0.4215,Tue Sep 04 20:34:26 +0000 2018,0.865,0.0,0.135,CBS,The biggest names in entertainment are coming together once again for #StandUpToCancer this Friday at 8/7c on @CBS‚Ä¶ https://t.co/ntuGKLYvuW,81
81,0.6514,Sat Sep 01 15:25:34 +0000 2018,0.829,0.0,0.171,CBS,RT @cbsallaccess: Stream #17 @WestVirginiaU vs. @UTKnoxville LIVE today at 3:30PM ET on CBS All Access! Try 1 month FREE using code BINGENO‚Ä¶,82
82,0.0,Fri Aug 31 21:26:49 +0000 2018,1.0,0.0,0.0,CBS,"In just one week, @RWitherspoon, @McConaughey, Jennifer Garner, and more will attend the #‚ÄãStandUpToCancer fundrais‚Ä¶ https://t.co/iHKGOoWejA",83
83,0.0,Fri Aug 31 18:01:01 +0000 2018,1.0,0.0,0.0,CBS,"Believe in miracles. Watch this sneak peek of the complete premiere episode of @GodFriendedMe now, a month before i‚Ä¶ https://t.co/5AIUH5VmMk",84
84,-0.6908,Thu Aug 30 19:45:51 +0000 2018,0.761,0.239,0.0,CBS,"RT @cbsallaccess: Money. Murder. Mystery. #OneDollar is now streaming, exclusively on CBS All Access. https://t.co/3qFdTEmVU5 https://t.co/‚Ä¶",85
85,0.6239,Thu Aug 30 15:32:47 +0000 2018,0.83,0.0,0.17,CBS,RT @GodFriendedMe: It's a godsend! We're dropping the #GodFriendedMe pilot tomorrow right here on Twitter for you to stream a full month be‚Ä¶,86
86,0.0,Mon Aug 27 23:36:57 +0000 2018,1.0,0.0,0.0,CBS,"It's almost time for sweater weather, pumpkin spice lattes, and CBS Fall TV premieres. Check out the storylines for‚Ä¶ https://t.co/BpgDyYl8fc",87
87,-0.4389,Fri Aug 24 20:30:16 +0000 2018,0.888,0.112,0.0,CBS,RT @cbsallaccess: #NFL preseason coverage is here! üèà The Detroit @Lions battle the Tampa Bay @Buccaneers tonight at 8PM ET. Stream the game‚Ä¶,88
88,0.0,Wed Aug 22 20:55:25 +0000 2018,1.0,0.0,0.0,CBS,"@bigbangtheory üé∂...happy kitty, sleepy kitty, purr purr purrüé∂ #TheBigBangTheory https://t.co/sEObppGJlZ",89
89,0.0,Wed Aug 22 20:10:12 +0000 2018,1.0,0.0,0.0,CBS,"This is going to require multiple singings of ""Soft Kitty."" https://t.co/UdRGNeQ7Lb",90
90,0.5423,Mon Aug 20 21:59:56 +0000 2018,0.829,0.0,0.171,CBS,Got to get more of the @PaulMcCartney #CarpoolKaraoke into your life? @latelateshow produced an hour-long bonus spe‚Ä¶ https://t.co/DjPqajo6Xn,91
91,0.3182,Fri Aug 17 17:42:02 +0000 2018,0.887,0.0,0.113,CBS,"How much does it cost to bury the truth? 
#OneDollar premieres August 30, exclusively on CBS All Access. https://t.co/ZL5TBH9ro5",92
92,0.0,Thu Aug 16 18:40:09 +0000 2018,1.0,0.0,0.0,CBS,Things got carried away when @ArianaGrande joined @latelateshow for #CarpoolKaraoke. So did Ariana. #ArianaCarpool https://t.co/WSZcC0TaYz,93
93,-0.5267,Thu Aug 16 00:09:03 +0000 2018,0.72,0.188,0.092,CBS,RT @cbsallaccess: Murder mystery set in a small town? We're in. Rediscover the genius of original #TwinPeaks co-creators @DAVID_LYNCH and @‚Ä¶,94
94,0.0,Sun Aug 12 23:30:02 +0000 2018,1.0,0.0,0.0,CBS,New start times for @60Minutes 7:20ET/6:20CT @CBSBigBrother 8:20ET/7:20CT @NCISLA 9:20ET/8:20CT @Elementary_CBS 10:‚Ä¶ https://t.co/Op9VcDsREa,95
95,0.4389,Sun Aug 12 15:04:59 +0000 2018,0.874,0.0,0.126,CBS,Clear your schedules for the 100th #PGAChamp! Stream the Final Round LIVE on @cbsallaccess at 2 PM ET across all de‚Ä¶ https://t.co/m6bH2pKTUN,96
96,-0.3182,Sat Aug 11 18:00:00 +0000 2018,0.897,0.103,0.0,CBS,The fortune teller you‚Äôll meet this Saturday lived a life of luxury... by scamming her victims out of hundreds of t‚Ä¶ https://t.co/fJo6F2Eo5p,97
97,0.4926,Sat Aug 11 15:00:02 +0000 2018,0.856,0.0,0.144,CBS,The 100th PGA Championship continues today! Stream it LIVE on @cbsallaccess at 2PM ET across all devices. Try 1 Wee‚Ä¶ https://t.co/jbMg06eOND,98
98,0.8957,Fri Aug 10 22:28:55 +0000 2018,0.581,0.0,0.419,CBS,"To celebrate the 100th PGA Championship, relive some of the tournament's greatest moments with Luke Wilson. 

Don't‚Ä¶ https://t.co/wUuB93smr4",99
99,0.0,Fri Aug 10 19:59:14 +0000 2018,1.0,0.0,0.0,CBS,"RT @TrueCrimeCBS: When Glenn Walp and Steve Doran uncovered theft at the Los Alamos National Laboratory, they HAD to blow their whistles. W‚Ä¶",100
0,0.0,Sat Oct 06 15:30:14 +0000 2018,1.0,0.0,0.0,CNN,"First lady Melania Trump: ""Glad"" both Brett Kavanaugh and Christine Blasey Ford were heard https://t.co/BTcWSzRquT https://t.co/nCFG6sMG06",1
1,0.0,Sat Oct 06 15:11:44 +0000 2018,1.0,0.0,0.0,CNN,How Casper drove Mattress Firm into bankruptcy https://t.co/aLXD2SFkO0,2
2,0.0,Sat Oct 06 15:00:47 +0000 2018,1.0,0.0,0.0,CNN,"Interpol says it has asked Chinese authorities for information about the agency's president, Meng Hongwei, who was‚Ä¶ https://t.co/ZqRHagCIsf",3
3,0.0,Sat Oct 06 14:50:14 +0000 2018,1.0,0.0,0.0,CNN,Where women are turning toward Democrats. And where they're not. https://t.co/5pGBoJHTde https://t.co/6DsehTYTK4,4
4,-0.4019,Sat Oct 06 14:38:57 +0000 2018,0.57,0.247,0.183,CNN,"Eating processed meats like bacon, sausages and ham could increase the risk of breast cancer, a study shows.

Regul‚Ä¶ https://t.co/75p6C7uZyv",5
5,0.0,Sat Oct 06 14:30:04 +0000 2018,1.0,0.0,0.0,CNN,"3,000 items from the personal collection of Neil Armstrong, the first man to walk on the moon, go up for auction ne‚Ä¶ https://t.co/U3Iujoce2r",6
6,0.5574,Sat Oct 06 14:22:16 +0000 2018,0.854,0.0,0.146,CNN,"RT @CNNPolitics: First lady Melania Trump says Brett Kavanaugh is ""highly qualified"" for the Supreme Court. Trump added that she is ""glad""‚Ä¶",7
7,-0.3384,Sat Oct 06 14:01:08 +0000 2018,0.888,0.112,0.0,CNN,"President Trump's older sister, Judge Maryanne Trump Barry, has kept a very low profile since he ran for office. Bu‚Ä¶ https://t.co/V66r1nOsY7",8
8,-0.0258,Sat Oct 06 13:31:00 +0000 2018,0.642,0.209,0.15,CNN,"A two-year-old boy shredded more than $1,000 his parents had saved to pay a debt https://t.co/mNZgfPOVTU https://t.co/0WXB6iqKhH",9
9,0.5719,Sat Oct 06 13:30:09 +0000 2018,0.837,0.0,0.163,CNN,The commercial success of virtual reality may depend on being able to make real human connections on VR platforms.‚Ä¶ https://t.co/nantNaBe5f,10
10,0.0,Sat Oct 06 13:00:06 +0000 2018,1.0,0.0,0.0,CNN,Banksy painting 'self-destructs' moments after being sold for $1.4 million at auction https://t.co/7vZCtzefGO https://t.co/rNMsnCQgfw,11
11,0.4927,Sat Oct 06 12:31:00 +0000 2018,0.856,0.0,0.144,CNN,Are standing desks really good for you? Proponents claim that eliminating sitting from your work life can make you‚Ä¶ https://t.co/7qZ8xaAfqB,12
12,0.4588,Sat Oct 06 12:00:20 +0000 2018,0.85,0.0,0.15,CNN,What happens when your son defies traditional gender labels? @lisaling talks about acceptance with @prince_ej and h‚Ä¶ https://t.co/la5im7JKu3,13
13,0.4404,Sat Oct 06 11:31:00 +0000 2018,0.868,0.0,0.132,CNN,"A rock that was used as a doorstop for the past 30 years turned out to be a meteorite valued at $100,000‚Ä¶ https://t.co/BdDez94eAM",14
14,-0.2023,Sat Oct 06 11:01:04 +0000 2018,0.886,0.114,0.0,CNN,"High-population cities have longer-lasting flu seasons, while lower-population cities have shorter but more intense‚Ä¶ https://t.co/OY9GxhD080",15
15,0.0,Sat Oct 06 10:31:00 +0000 2018,1.0,0.0,0.0,CNN,"At 120 years old, the Star Ferry is Hong Kong's oldest form of public transportation -- and the company's green and‚Ä¶ https://t.co/DNH2kUPEhv",16
16,0.2732,Sat Oct 06 10:01:06 +0000 2018,0.909,0.0,0.091,CNN,"Albert Einstein's famous ""God Letter"" is expected to fetch at least $1 million when it goes up for auction in Decem‚Ä¶ https://t.co/LLFIO0tJN2",17
17,0.0,Sat Oct 06 09:31:00 +0000 2018,1.0,0.0,0.0,CNN,Germany's Bayern Munich is exploring the relationship between crowd noise and on-pitch performance. Using acoustic‚Ä¶ https://t.co/KFBfMs6PGS,18
18,-0.4019,Sat Oct 06 09:01:02 +0000 2018,0.57,0.247,0.183,CNN,"Eating processed meats like bacon, sausages and ham could increase the risk of breast cancer, a study shows.

Regul‚Ä¶ https://t.co/lDBxOcKFZJ",19
19,0.0,Sat Oct 06 08:31:00 +0000 2018,1.0,0.0,0.0,CNN,"Take a rare tour underneath and inside San Francisco's Golden Gate Bridge where about 200 iron workers, engineers,‚Ä¶ https://t.co/W0jB5i9vwL",20
20,0.6705,Sat Oct 06 08:01:19 +0000 2018,0.542,0.148,0.31,CNN,This woman is being hailed as a hero after confronting another woman who was criticizing two friends for speaking S‚Ä¶ https://t.co/hbQAR3WSJL,21
21,0.0,Sat Oct 06 07:46:03 +0000 2018,1.0,0.0,0.0,CNN,"Christine Blasey Ford's sister-in-law on Sens. Joe Manchin and Susan Collins' remarks about Ford: ""I think they're‚Ä¶ https://t.co/ddv4o3lMOy",22
22,0.0,Sat Oct 06 07:31:00 +0000 2018,1.0,0.0,0.0,CNN,"At 106 (and 1/2), this doctor isn't slowing down https://t.co/l59QWAFkfX https://t.co/DrxCBCGDaO",23
23,-0.128,Sat Oct 06 07:16:04 +0000 2018,0.927,0.073,0.0,CNN,"Ford is cutting staff as it transforms its business.

The second largest US automaker said it was reorganizing its‚Ä¶ https://t.co/EqyxZOhqPT",24
24,0.0,Sat Oct 06 07:01:03 +0000 2018,1.0,0.0,0.0,CNN,Christine Blasey Ford is on the cover of this week's Time magazine. But it's not a photograph of Ford; it's an illu‚Ä¶ https://t.co/1rdp9gwXNM,25
25,-0.2263,Sat Oct 06 06:46:03 +0000 2018,0.853,0.147,0.0,CNN,NFL settles lawsuit with family of legendary linebacker Junior Seau https://t.co/QVhlhWlxQD https://t.co/1vVTfffh9z,26
26,0.0,Sat Oct 06 06:31:00 +0000 2018,1.0,0.0,0.0,CNN,"NYC to Boston in 36 minutes? Transcend Air has plans for a jet-fast plane that takes off and lands vertically, allo‚Ä¶ https://t.co/k27fr1VBNV",27
27,0.4404,Sat Oct 06 06:16:02 +0000 2018,0.873,0.0,0.127,CNN,A 22-pound rock that has been propping open a door in Michigan for decades turns out to be a meteorite valued at $1‚Ä¶ https://t.co/rPFACuLwGH,28
28,0.0,Sat Oct 06 06:01:01 +0000 2018,1.0,0.0,0.0,CNN,"Luxury tourism is on the rise in Tulum, Mexico. But the beaches there are also home to nesting sea turtles, which a‚Ä¶ https://t.co/duPw4RNMr1",29
29,0.4215,Sat Oct 06 05:46:06 +0000 2018,0.865,0.0,0.135,CNN,The FDA has revoked the use of seven food additives after environmentalists and food safety experts presented data‚Ä¶ https://t.co/IBcJ0KwGhl,30
30,0.5994,Sat Oct 06 05:31:00 +0000 2018,0.804,0.0,0.196,CNN,Hershey has a super secret chocolate lab where all its products get dreamed up. Go inside: https://t.co/qarEkoIhZa https://t.co/enN7FV8EPx,31
31,-0.0258,Sat Oct 06 05:16:06 +0000 2018,0.642,0.209,0.15,CNN,"A two-year-old boy shredded more than $1,000 his parents had saved to pay a debt https://t.co/3mpdyXpZAk https://t.co/ybmPeEgs8r",32
32,0.25,Sat Oct 06 05:01:08 +0000 2018,0.905,0.0,0.095,CNN,A man's vision changed dramatically after he took a gulp of a drug he bought online that is commonly used to treat‚Ä¶ https://t.co/kOB4cqVpSL,33
33,-0.0274,Sat Oct 06 04:46:04 +0000 2018,0.737,0.111,0.152,CNN,"Vitamin D supplements do not improve bone mineral density or prevent fractures or falls in adults, a large study fi‚Ä¶ https://t.co/trVIqTQpfI",34
34,0.0,Sat Oct 06 04:31:00 +0000 2018,1.0,0.0,0.0,CNN,"An 8-year-old girl drew a pre-Viking-era sword from a Swedish lake, prompting locals to name her the ""Queen of Swed‚Ä¶ https://t.co/vSd9l1qMLO",35
35,0.8591,Sat Oct 06 04:16:08 +0000 2018,0.689,0.0,0.311,CNN,The 2018 Nobel Peace Prize has been awarded to Denis Mukwege and Nadia Murad for their efforts to end the use of se‚Ä¶ https://t.co/DE5E6ebpJN,36
36,0.0,Sat Oct 06 04:01:05 +0000 2018,1.0,0.0,0.0,CNN,A financial disclosure from Donald Trump's sister led to The New York Times report on his taxes‚Ä¶ https://t.co/a6LcrLExvd,37
37,0.296,Sat Oct 06 03:49:35 +0000 2018,0.522,0.223,0.255,CNN,"RT @CNNTonight: ""I'm grieving for the loss of truth and justice in our system, for the undermining of the Supreme Court process and also fo‚Ä¶",38
38,0.5719,Sat Oct 06 03:46:02 +0000 2018,0.829,0.0,0.171,CNN,Friday night lights shine as a Georgia high school wins its first football game since teammate Dylan Thomas' death‚Ä¶ https://t.co/6Mj1tCv79A,39
39,-0.34,Sat Oct 06 03:31:04 +0000 2018,0.87,0.13,0.0,CNN,"Authorities have been saying a vehicle somehow started California's Ferguson Fire. 

Now, the US Forest Service say‚Ä¶ https://t.co/dqkJD6Lv6J",40
40,-0.6418,Sat Oct 06 03:22:32 +0000 2018,0.624,0.258,0.118,CNN,"RT @CNNTonight: CNN's @DonLemon: ""The fight over Supreme Court nominee Brett Kavanaugh has been so brutal that nobody's really coming out o‚Ä¶",41
41,0.6486,Sat Oct 06 03:21:00 +0000 2018,0.73,0.0,0.27,CNN,"CNN Business went inside Amazon HQ to see how Amazon uses AI to improve customer experiences, from cashier-less sto‚Ä¶ https://t.co/WSVmJSQ8FT",42
42,0.0,Sat Oct 06 03:12:41 +0000 2018,1.0,0.0,0.0,CNN,"Before it was used by celebrities and politicians, Twitter was nothing more than an idea sketched on Jack Dorsey's‚Ä¶ https://t.co/BtczZGnrMP",43
43,0.8442,Sat Oct 06 03:01:02 +0000 2018,0.542,0.083,0.375,CNN,Supreme Court Justice Elena Kagan expressed concern over the court's lack of a swing vote with Justice Anthony Kenn‚Ä¶ https://t.co/y6gv8zhE6b,44
44,-0.1406,Sat Oct 06 02:46:05 +0000 2018,0.916,0.084,0.0,CNN,"From a very young age, future K-pop idols follow a rigorous training regime, but only a few aspiring superstars mak‚Ä¶ https://t.co/Ld9DFzDfj4",45
45,0.7906,Sat Oct 06 02:36:14 +0000 2018,0.708,0.0,0.292,CNN,"Justice Elena Kagan expresses concern as to whether the US Supreme Court will have a ""middle position"" going forwar‚Ä¶ https://t.co/qB51s9FTom",46
46,0.6705,Sat Oct 06 02:31:18 +0000 2018,0.542,0.148,0.31,CNN,This woman is being hailed as a hero after confronting another woman who was criticizing two friends for speaking S‚Ä¶ https://t.co/YvdfBuahlS,47
47,0.0,Sat Oct 06 02:27:48 +0000 2018,1.0,0.0,0.0,CNN,How the Democrats got outplayed on Kavanaugh | By Julian Zelizer via @CNNOpinion https://t.co/DDeb334HSc https://t.co/HkG8tUCwVP,48
48,0.1027,Sat Oct 06 02:26:06 +0000 2018,0.787,0.098,0.114,CNN,"RT @CuomoPrimeTime: ""I always thought there was hope. That's why I was fighting. ... When I spoke with Senator Flake, I did not think that‚Ä¶",49
49,0.4215,Sat Oct 06 02:16:19 +0000 2018,0.872,0.0,0.128,CNN,The FDA has approved the use of a human papillomavirus vaccine called Gardasil 9 for men and women between the ages‚Ä¶ https://t.co/upmevwjuJN,50
50,0.0772,Sat Oct 06 02:15:39 +0000 2018,0.929,0.0,0.071,CNN,"RT @AC360: ""C'mon Carrie, be realistic."" 
@JeffreyToobin challenges @JCNSeverino on the goals, and potential implications, of adding Judge‚Ä¶",51
51,0.3182,Sat Oct 06 02:07:13 +0000 2018,0.892,0.0,0.108,CNN,"Sen. Lisa Murkowski said she remains a ""no"" on Supreme Court nominee Brett Kavanaugh but will vote ""present"" for Sa‚Ä¶ https://t.co/HhvrujSjD7",52
52,-0.3412,Sat Oct 06 01:54:03 +0000 2018,0.897,0.103,0.0,CNN,"Juror after juror said Jason Van Dyke was not a good witness. He was rehearsed, some said. He was not believable, s‚Ä¶ https://t.co/xkb34pO9St",53
53,0.0,Sat Oct 06 01:47:41 +0000 2018,1.0,0.0,0.0,CNN,"RT @OutFrontCNN: Democratic nominee Ayanna Pressley says Brett Kavanaugh's confirmation is a ""permanent black eye"" on the Senate and believ‚Ä¶",54
54,-0.25,Sat Oct 06 01:47:32 +0000 2018,0.909,0.091,0.0,CNN,"RT @AC360: In a sit-down interview with @DanaBashCNN, Dr. Ford's lawyers address the accusation that her testimony was designed simply to c‚Ä¶",55
55,-0.1244,Sat Oct 06 01:23:21 +0000 2018,0.915,0.085,0.0,CNN,A lawyer representing Christine Blasey Ford says she absolutely does not want Brett Kavanaugh impeached if Democrat‚Ä¶ https://t.co/2G1jjQB6Zt,56
56,0.0,Sat Oct 06 01:17:10 +0000 2018,1.0,0.0,0.0,CNN,"RT @cnnbrk: Sen. Steve Daines will be attending his daughter's wedding Saturday in Montana, but still may fly back to Washington to vote to‚Ä¶",57
57,0.0,Sat Oct 06 01:08:18 +0000 2018,1.0,0.0,0.0,CNN,This Louisiana library waived its $3 late fee for an overdue book that was returned after 84 years‚Ä¶ https://t.co/98gzdAs93s,58
58,0.743,Sat Oct 06 00:54:26 +0000 2018,0.717,0.0,0.283,CNN,Former President George W. Bush made several calls reassuring Sen. Susan Collins about Supreme Court nominee Brett‚Ä¶ https://t.co/noo3ZYN41P,59
59,0.3182,Sat Oct 06 00:48:35 +0000 2018,0.796,0.0,0.204,CNN,'Emotional' Facebook staff meeting addresses exec who supported Kavanaugh https://t.co/wpzGO6HVIa,60
60,0.4019,Sat Oct 06 00:46:55 +0000 2018,0.895,0.0,0.105,CNN,Sen. Joe Manchin of West Virginia is on track to be the only Senate Democrat to break ranks with his party and vote‚Ä¶ https://t.co/o6QEOIC9R2,61
61,0.7506,Sat Oct 06 00:31:45 +0000 2018,0.758,0.0,0.242,CNN,"""I have a very high standard. I have a very high bar for any nominee to the Supreme Court of the United States."" -‚Ä¶ https://t.co/EqdCRXFSvN",62
62,0.0,Sat Oct 06 00:26:32 +0000 2018,1.0,0.0,0.0,CNN,"RT @CNNPolitics: Murkowski: ""A judge shall act at all times, not just sometimes when you're wearing your robe. But, a judge should act at a‚Ä¶",63
63,0.2732,Sat Oct 06 00:25:09 +0000 2018,0.739,0.103,0.158,CNN,"What's behind President Trump's drop on the Forbes annual ""400 Wealthiest"" list? CNN's Brian Todd reports‚Ä¶ https://t.co/wwfdgjGrM7",64
64,0.4215,Sat Oct 06 00:17:01 +0000 2018,0.859,0.0,0.141,CNN,An ongoing US military research project that is exploring a new biotechnology to genetically modify mature crops ha‚Ä¶ https://t.co/7oPMq4AhAr,65
65,0.7506,Sat Oct 06 00:08:24 +0000 2018,0.766,0.0,0.234,CNN,"RT @OutFrontCNN: ""I have a very high standard. I have a very high bar for any nominee to the Supreme Court of the United States."" - Alaska‚Ä¶",66
66,0.7003,Sat Oct 06 00:08:08 +0000 2018,0.766,0.0,0.234,CNN,"RT @CNNPolitics: Republican Sen. Lisa Murkowski: ""I was truly leaning toward supporting Judge Kavanaugh in his nomination, as I looked to t‚Ä¶",67
67,-0.3182,Sat Oct 06 00:05:21 +0000 2018,0.897,0.103,0.0,CNN,Senate Judiciary Chairman Chuck Grassley suggested that the lack of women on the committee was due to its heavy wor‚Ä¶ https://t.co/fTPj8ZSr5i,68
68,0.0,Fri Oct 05 23:58:41 +0000 2018,1.0,0.0,0.0,CNN,25 headlines that sum up this week in the Trump administration | Analysis by CNN's Brenna Williams‚Ä¶ https://t.co/0Ru6aCAqVx,69
69,0.7906,Fri Oct 05 23:57:59 +0000 2018,0.72,0.0,0.28,CNN,"RT @OutFrontCNN: Justice Elena Kagan expresses concern as to whether the Supreme Court will have a ""middle position"" going forward https://‚Ä¶",70
70,0.0,Fri Oct 05 23:57:39 +0000 2018,1.0,0.0,0.0,CNN,"RT @OutFrontCNN: Alaska Sen. Lisa Murkowski, who is on track to be the sole Republican senator to oppose Brett Kavanaugh's nomination to th‚Ä¶",71
71,0.0,Fri Oct 05 23:41:06 +0000 2018,1.0,0.0,0.0,CNN,Alaska Sen. Lisa Murkowski is on track to be the sole Republican senator to oppose Brett Kavanaugh's nomination to‚Ä¶ https://t.co/wmqQuuPUca,72
72,0.3818,Fri Oct 05 23:39:33 +0000 2018,0.786,0.079,0.136,CNN,"RT @OutFrontCNN: ""This is a major win for the Republican establishment, no question. We'll see now what voters have to say as they chew thi‚Ä¶",73
73,0.3612,Fri Oct 05 23:39:20 +0000 2018,0.902,0.0,0.098,CNN,"RT @CNNSitRoom: Dr. Christine Blasey Ford's lawyer tells Dana Bash ""I don't think she has any regrets,"" adding, ""I think she feels like she‚Ä¶",74
74,0.3612,Fri Oct 05 23:34:01 +0000 2018,0.884,0.0,0.116,CNN,"""Our country has allowed men like Brett Kavanaugh to use our founding documents to preserve their power and privile‚Ä¶ https://t.co/ioTWLte7MQ",75
75,0.0,Fri Oct 05 23:27:06 +0000 2018,1.0,0.0,0.0,CNN,"By the time GOP Sen. Susan Collins finished her speech on the Senate floor, Democrats in Maine had begun speculatin‚Ä¶ https://t.co/D6I5YJEliX",76
76,0.0,Fri Oct 05 23:11:02 +0000 2018,1.0,0.0,0.0,CNN,There are slightly more Republican-appointed federal judges sitting on the bench right now than those appointed by‚Ä¶ https://t.co/n07Qj049vU,77
77,0.0,Fri Oct 05 23:01:02 +0000 2018,1.0,0.0,0.0,CNN,First lady Melania Trump's latest white hat evokes a colonialist comparison https://t.co/kOErJuwqGh https://t.co/pcL3sGBI2h,78
78,0.0,Fri Oct 05 22:57:36 +0000 2018,1.0,0.0,0.0,CNN,"RT @CNNSitRoom: ""The reality is, he showed me who he was when he was before the Senate Judiciary Committee ... he showed me to be a partisa‚Ä¶",79
79,0.0772,Fri Oct 05 22:51:03 +0000 2018,0.929,0.0,0.071,CNN,"Susan Rice tweets ""Me"" when asked who could challenge Maine GOP Sen. Susan Collins in 2020 https://t.co/bD1hrp3mkM https://t.co/MMVixtXe7v",80
80,0.4215,Fri Oct 05 22:41:04 +0000 2018,0.865,0.0,0.135,CNN,The FDA has revoked the use of seven food additives after environmentalists and food safety experts presented data‚Ä¶ https://t.co/1DIF89OHR6,81
81,0.25,Fri Oct 05 22:31:03 +0000 2018,0.708,0.123,0.17,CNN,Partisanship questions threaten to shadow Brett Kavanaugh on the Supreme Court | Analysis by CNN's Joan Biskupic‚Ä¶ https://t.co/FrJLG86Ta1,82
82,0.0,Fri Oct 05 22:25:04 +0000 2018,1.0,0.0,0.0,CNN,"With Sens. Collins and Manchin announcing they're a ‚ÄúYes‚Äù on SCOTUS nominee Brett Kavanaugh, Full Circle focuses on‚Ä¶ https://t.co/hSstb7ls9r",83
83,0.0,Fri Oct 05 22:21:06 +0000 2018,1.0,0.0,0.0,CNN,A police escort led a convoy of buses and cars on the way to Pike County High School's first game since Dylan Thoma‚Ä¶ https://t.co/DQjbpsahZv,84
84,-0.1779,Fri Oct 05 22:21:05 +0000 2018,0.403,0.322,0.275,CNN,A top US admiral warns of a Russian submarine threat https://t.co/sCBTG8liJO https://t.co/zYBgNcAXzg,85
85,-0.0258,Fri Oct 05 22:21:02 +0000 2018,0.642,0.209,0.15,CNN,"A two-year-old boy shredded more than $1,000 his parents had saved to pay a debt https://t.co/mNZgfQ6xiu https://t.co/n8ikknh1C5",86
86,0.0,Fri Oct 05 22:13:05 +0000 2018,1.0,0.0,0.0,CNN,"""The investigation and much of what has gone along with it amount to a cover-up,"" Frida Ghitis writes about the Kav‚Ä¶ https://t.co/1pXsRiwNqz",87
87,0.6378,Fri Oct 05 22:02:59 +0000 2018,0.633,0.113,0.253,CNN,"RT @CNNSitRoom: ""I'm very disappointed ... we're going to put, on the Supreme Court, for a lifetime appointment, someone with this kind of‚Ä¶",88
88,0.0,Fri Oct 05 22:01:02 +0000 2018,1.0,0.0,0.0,CNN,"With Sens. Collins and Manchin announcing they're a ‚ÄúYes‚Äù on SCOTUS nominee Brett Kavanaugh, Full Circle focuses on‚Ä¶ https://t.co/YPuyY7dBn6",89
89,0.4404,Fri Oct 05 22:01:00 +0000 2018,0.868,0.0,0.132,CNN,"A rock that was used as a doorstop for the past 30 years turned out to be a meteorite valued at $100,000‚Ä¶ https://t.co/ofgtyZvze2",90
90,0.0,Fri Oct 05 21:39:18 +0000 2018,1.0,0.0,0.0,CNN,"At 106 (and 1/2), this doctor isn't slowing down https://t.co/l59QWAFkfX https://t.co/PfjRmoKOtU",91
91,0.2023,Fri Oct 05 21:26:27 +0000 2018,0.886,0.0,0.114,CNN,An eight-year-old girl found a pre-Viking-era sword while she was playing in a lake in Sweden‚Ä¶ https://t.co/sfeAJqtTyT,92
92,0.0,Fri Oct 05 21:22:53 +0000 2018,1.0,0.0,0.0,CNN,"Did a breach at Duke Energy's L.V. Sutton plant in Wilmington, North Carolina -- which stores coal ash -- last mont‚Ä¶ https://t.co/noZBsVRpcT",93
93,0.6908,Fri Oct 05 21:16:48 +0000 2018,0.759,0.0,0.241,CNN,"Doctors are giving ""nature prescriptions"" in the UK's Shetland Islands in an effort to encourage patients to reap t‚Ä¶ https://t.co/MsMApyuELR",94
94,-0.34,Fri Oct 05 21:06:53 +0000 2018,0.862,0.138,0.0,CNN,"One year ago, they investigated Harvey Weinstein and sparked a fire that changed the world https://t.co/K3aKbQlZ3o https://t.co/AnKjw9KJqT",95
95,-0.1531,Fri Oct 05 21:03:33 +0000 2018,0.769,0.127,0.104,CNN,"RT @TheLeadCNN: After Senators Collins and Manchin say they'll vote yes on Kavanaugh, Democratic Sen. Dick Durbin says that his message to‚Ä¶",96
96,0.7906,Fri Oct 05 20:49:58 +0000 2018,0.632,0.0,0.368,CNN,Susan Collins just made Brett Kavanaugh a Supreme Court justice | Analysis by @CillizzaCNN https://t.co/88xhhaQuhP https://t.co/ifbtg0vbCJ,97
97,0.0,Fri Oct 05 20:44:44 +0000 2018,1.0,0.0,0.0,CNN,"RT @TheLeadCNN: ""This is going to be an issue"" that will ""boost"" Democrat voters, says @TaraSetmayer, after key Senators Collins and Manchi‚Ä¶",98
98,0.7184,Fri Oct 05 20:42:43 +0000 2018,0.75,0.0,0.25,CNN,"Brett Kavanaugh appears to have enough Senate votes to be confirmed to the Supreme Court, likely giving President T‚Ä¶ https://t.co/UlTjXRj3Nt",99
99,0.4404,Fri Oct 05 20:35:30 +0000 2018,0.838,0.0,0.162,CNN,Republican Sen. Susan Collins just announced that she is supporting Brett Kavanaugh's confirmation after delivering‚Ä¶ https://t.co/GYIvs19RFs,100
0,0.5994,Sat Oct 06 15:25:00 +0000 2018,0.766,0.0,0.234,Fox News,TODAY: Watch special coverage of the Kavanaugh confirmation vote on Fox News Channel. Join hosts @BillHemmer and‚Ä¶ https://t.co/Jgm5VofN9c,1
1,0.0,Sat Oct 06 15:09:21 +0000 2018,1.0,0.0,0.0,Fox News,Banksy‚Äôs painting self-destructs moments after it‚Äôs sold for $1.4M https://t.co/XclgA6tT3b,2
2,0.5574,Sat Oct 06 14:58:10 +0000 2018,0.806,0.0,0.194,Fox News,U.S. Senators make remarks about the nomination of Judge Brett Kavanaugh to the Supreme Court.‚Ä¶ https://t.co/YuAxxqX95O,3
3,0.0,Sat Oct 06 14:53:45 +0000 2018,1.0,0.0,0.0,Fox News,".@lisamurkowski to vote ‚Äòpresent‚Äô on Kavanaugh so @SteveDaines can attend daughter‚Äôs wedding
https://t.co/JVfxc6dtmm",4
4,0.4404,Sat Oct 06 14:44:41 +0000 2018,0.868,0.0,0.132,Fox News,"Mark Penn: ‚ÄúI hope as part of the postmortem of this, more Democrats will rethink the strategy of resistance.‚Äù https://t.co/gDQR4l3myo",5
5,-0.2263,Sat Oct 06 14:35:21 +0000 2018,0.787,0.213,0.0,Fox News,Protesters Rally Ahead of Final Kavanaugh Vote https://t.co/mpZw1s98mO,6
6,0.5574,Sat Oct 06 14:32:50 +0000 2018,0.806,0.0,0.194,Fox News,U.S. Senators make remarks about the nomination of Judge Brett Kavanaugh to the Supreme Court.‚Ä¶ https://t.co/ze0raFfE8l,7
7,0.7178,Sat Oct 06 14:31:29 +0000 2018,0.76,0.0,0.24,Fox News,".@AlanDersh: ‚ÄúI think that he now, once he‚Äôs confirmed, has an opportunity to go forward and be a very good justice‚Ä¶ https://t.co/fyUeIqYndh",8
8,-0.5799,Sat Oct 06 14:25:00 +0000 2018,0.727,0.273,0.0,Fox News,.@SenJoniErnst: ‚ÄúThis really was a very shameful process by the Democrats.‚Äù https://t.co/5vYXDpB55J,9
9,0.7351,Sat Oct 06 14:22:00 +0000 2018,0.763,0.0,0.237,Fox News,.@SenJoniErnst: ‚ÄúI do believe that we will pick up seats in the United States Senate‚Ä¶ and I think we can gain momen‚Ä¶ https://t.co/sHNwkRd6CM,10
10,0.6369,Sat Oct 06 14:18:21 +0000 2018,0.679,0.0,0.321,Fox News,.@SenJoniErnst: ‚ÄúIn the United States we are presumed innocent until proven guilty.‚Äù https://t.co/rovAVJBKBs,11
11,0.0,Sat Oct 06 14:14:11 +0000 2018,1.0,0.0,0.0,Fox News,.@SenJoniErnst: ‚ÄúAny Senator that maybe steps away or has different thoughts about any large issue facing our natio‚Ä¶ https://t.co/lk32OX0ZSZ,12
12,0.0,Sat Oct 06 14:11:37 +0000 2018,1.0,0.0,0.0,Fox News,.@GriffJenkins is live with the ‚ÄòFox News Update‚Äô on Facebook Watch: https://t.co/hNrB8xzepH https://t.co/L41YlDZ9Ez,13
13,0.5574,Sat Oct 06 14:08:35 +0000 2018,0.833,0.0,0.167,Fox News,.@SenJoniErnst: ‚ÄúI do believe that we will confirm Judge Kavanaugh to be our next US Supreme Court Justice.‚Äù https://t.co/vfXrytkySJ,14
14,0.5994,Sat Oct 06 13:55:00 +0000 2018,0.766,0.0,0.234,Fox News,TODAY: Watch special coverage of the Kavanaugh confirmation vote on Fox News Channel. Join hosts @BillHemmer and‚Ä¶ https://t.co/ecZYYmwFmY,15
15,0.7783,Sat Oct 06 13:50:44 +0000 2018,0.657,0.0,0.343,Fox News,.@BillCassidy: ‚ÄúBrett Kavanaugh will be an outstanding jurist and he will be approved today.‚Äù https://t.co/Q6GkNh9DUG,16
16,-0.3612,Sat Oct 06 13:42:14 +0000 2018,0.828,0.172,0.0,Fox News,Melania Trump criticized for wearing white pith helmet in Kenya during safari https://t.co/hipLRoez3d,17
17,0.5106,Sat Oct 06 13:31:37 +0000 2018,0.732,0.0,0.268,Fox News,.@RealDeanCain: ‚ÄúIt may have energized Republicans more than anybody.‚Äù https://t.co/73NfzHL3eb,18
18,0.128,Sat Oct 06 13:25:00 +0000 2018,0.773,0.101,0.126,Fox News,".@JonahNRO: ‚ÄúMitch McConnell, I think deserves an enormous amount of credit for doing this. He blocked Merrick Garl‚Ä¶ https://t.co/YxhaiVr6U5",19
19,-0.2263,Sat Oct 06 13:17:51 +0000 2018,0.759,0.241,0.0,Fox News,Mass Protests Expected Today; @GillianHTurner reports https://t.co/ruOOYT5163,20
20,0.6369,Sat Oct 06 13:00:15 +0000 2018,0.802,0.0,0.198,Fox News,.@GreggJarrett: ‚ÄúI thought that was the best speech on the floor of the Senate that I‚Äôve seen.‚Äù https://t.co/5H5DEZBN7n,21
21,0.5574,Sat Oct 06 12:54:49 +0000 2018,0.806,0.0,0.194,Fox News,U.S. Senators make remarks about the nomination of Judge Brett Kavanaugh to the Supreme Court.‚Ä¶ https://t.co/IUblpxVJT4,22
22,-0.34,Sat Oct 06 12:49:01 +0000 2018,0.844,0.156,0.0,Fox News,"Pet cat disappears from owner's Montana home, reappears over a year later in Nevada https://t.co/AXUF3tL4uY",23
23,0.0772,Sat Oct 06 12:34:30 +0000 2018,0.947,0.0,0.053,Fox News,".@SenCapito: ‚ÄúI don‚Äôt want to give up anybody‚Äôs right to yell at me or tell me what they think, cause that‚Äôs the wa‚Ä¶ https://t.co/h56AbEr7lA",24
24,0.0,Sat Oct 06 12:30:23 +0000 2018,1.0,0.0,0.0,Fox News,".@SenCapito: ‚ÄúWhen it comes right down to it, the fairness aspect of what we‚Äôve seen moving forward, is why I think‚Ä¶ https://t.co/fLNKkvHn4h",25
25,0.0,Sat Oct 06 12:27:00 +0000 2018,1.0,0.0,0.0,Fox News,Senate Expected to Confirm Kavanaugh Today; @ChadPergram reports https://t.co/0JvZx8ncZT,26
26,-0.4588,Sat Oct 06 12:25:06 +0000 2018,0.765,0.168,0.066,Fox News,'Jersey Shore' star Mike 'The Situation' Sorrentino speaks out following 8-month prison sentence for tax evasion https://t.co/lWkNpvX14X,27
27,0.5256,Sat Oct 06 12:21:01 +0000 2018,0.816,0.0,0.184,Fox News,".@mercedesschlapp: ‚ÄúI‚Äôm incredibly proud of working with this president, who has stood by Judge Kavanaugh.‚Äù https://t.co/hf5JqeQhlB",28
28,0.4678,Sat Oct 06 12:18:28 +0000 2018,0.816,0.0,0.184,Fox News,".@mercedesschlapp: ‚ÄúIt‚Äôs such a huge win for the president, but not only for the president, but for the nation, for‚Ä¶ https://t.co/r8b8M5vFdF",29
29,0.0,Sat Oct 06 12:14:30 +0000 2018,1.0,0.0,0.0,Fox News,".@mercedesschlapp: ‚ÄúPresident Trump stood by Brett Kavanaugh throughout this whole process, I don‚Äôt know if any oth‚Ä¶ https://t.co/C2UzLmOSTu",30
30,0.4939,Sat Oct 06 12:11:14 +0000 2018,0.789,0.0,0.211,Fox News,".@mercedesschlapp: ‚ÄúClearly for Senator Collins, this was a moment of courage for her.‚Äù https://t.co/ygfDs0TZhb",31
31,0.0,Sat Oct 06 12:03:06 +0000 2018,1.0,0.0,0.0,Fox News,Senate Expected to Confirm Kavanaugh Today https://t.co/Mjv28AAvHR,32
32,0.4404,Sat Oct 06 11:58:45 +0000 2018,0.868,0.0,0.132,Fox News,.@cindyhydesmith: ‚ÄúWe just wanted Susan Collins to know that we were close to her and we were supporting her.‚Äù https://t.co/WzwE3wO9Fl,33
33,0.5994,Sat Oct 06 11:55:00 +0000 2018,0.766,0.0,0.234,Fox News,TODAY: Watch special coverage of the Kavanaugh confirmation vote on Fox News Channel. Join hosts @BillHemmer and‚Ä¶ https://t.co/7HpLCcLnFq,34
34,0.3182,Sat Oct 06 11:52:36 +0000 2018,0.897,0.0,0.103,Fox News,".@kayleighmcenany: ‚ÄúFor the first time, you will have a court that respects the rule of law and the place of Congre‚Ä¶ https://t.co/NyOusuw2kd",35
35,0.0,Sat Oct 06 11:42:30 +0000 2018,1.0,0.0,0.0,Fox News,".@TheWorldsFrates: ‚ÄúSenators Joe Manchin, Collins and Flake, what they have signaled to America is that we adhere t‚Ä¶ https://t.co/iTxNuoBEdd",36
36,-0.0258,Sat Oct 06 11:39:23 +0000 2018,0.793,0.106,0.101,Fox News,".@RochelleRitchie: ‚ÄúI think it is fair to say that there was, unfortunately, not enough tangible evidence to hold K‚Ä¶ https://t.co/EzidJOylUh",37
37,0.0,Sat Oct 06 11:28:24 +0000 2018,1.0,0.0,0.0,Fox News,.@FLOTUS Lands in Egypt https://t.co/TfJ8Xndpol,38
38,-0.6705,Sat Oct 06 11:15:00 +0000 2018,0.645,0.355,0.0,Fox News,'Murphy Brown' makes real Sarah Sanders a target of fake reporter's rant https://t.co/YDhtrxTuuX,39
39,0.0,Sat Oct 06 11:10:00 +0000 2018,1.0,0.0,0.0,Fox News,Here comes the judge: Autonomous cop car is a mobile courthouse https://t.co/5XbvCatn69,40
40,0.5965,Sat Oct 06 11:01:00 +0000 2018,0.739,0.0,0.261,Fox News,A Kavanaugh confirmation would likely pave way for a more conservative Supreme Court https://t.co/bkvI3nbmZ1,41
41,0.1779,Sat Oct 06 10:55:00 +0000 2018,0.866,0.0,0.134,Fox News,"Robert Mueller's team begins seizing Manafort's assets, including Trump Tower condo https://t.co/ydMQyTzfnw",42
42,0.6369,Sat Oct 06 10:50:00 +0000 2018,0.755,0.0,0.245,Fox News,"Jim McLaughlin: ‚ÄúThey‚Äôre seeing the radicalization of the Democratic Party, and they don‚Äôt like it. Those pictures‚Ä¶ https://t.co/8lVlm9R47u",43
43,0.0,Sat Oct 06 10:45:02 +0000 2018,1.0,0.0,0.0,Fox News,Jim McLaughlin on @Sen_JoeManchin: ‚ÄúIt was all about political survival for him.‚Äù @foxandfriends‚Ä¶ https://t.co/fhbYtAyHqq,44
44,0.5574,Sat Oct 06 10:41:29 +0000 2018,0.806,0.0,0.194,Fox News,U.S. Senators make remarks about the nomination of Judge Brett Kavanaugh to the Supreme Court.‚Ä¶ https://t.co/3oJPwha6I5,45
45,0.0,Sat Oct 06 10:40:00 +0000 2018,1.0,0.0,0.0,Fox News,Senate expected to confirm Kavanaugh today @foxandfriends https://t.co/2psN84CsKW,46
46,-0.9118,Sat Oct 06 10:38:00 +0000 2018,0.442,0.558,0.0,Fox News,"Violent fight over cocaine led to ex-Playboy model's strangulation death, suspect told police https://t.co/KqgKiRzDFe",47
47,0.4391,Sat Oct 06 10:33:41 +0000 2018,0.855,0.0,0.145,Fox News,Andrea Bottner on @SenatorCollins: ‚ÄúShe is one of the most thoughtful and well-reasoned and bipartisan working sena‚Ä¶ https://t.co/yVOqLy15rz,48
48,0.3612,Sat Oct 06 10:30:00 +0000 2018,0.878,0.0,0.122,Fox News,".@LindseyGrahamSC: ""One thing I like about @SenatorCollins: If you think you can change her mind by yelling at her‚Ä¶ https://t.co/jcsGrNR1NI",49
49,-0.2732,Sat Oct 06 10:22:00 +0000 2018,0.851,0.149,0.0,Fox News,Oklahoma man faces charges for shooting deer hours before hunting season starts https://t.co/pEmaePLsV4,50
50,0.4215,Sat Oct 06 10:15:00 +0000 2018,0.859,0.0,0.141,Fox News,".@LindseyGrahamSC on Senator Collins' Kavanaugh remarks: ""I think she saved the Senate and the judiciary from slidi‚Ä¶ https://t.co/8dDiGTBoSV",51
51,-0.25,Sat Oct 06 10:07:00 +0000 2018,0.895,0.105,0.0,Fox News,Debra Messing says she would rather be stuck in an elevator with Donald Trump than Susan Sarandon https://t.co/fedtYveJ2l,52
52,0.4404,Sat Oct 06 10:00:00 +0000 2018,0.884,0.0,0.116,Fox News,".@senatemajldr on Kavanaugh vote: ""We had to move on this. This was not going to get any better if we didn't vote."" https://t.co/0tXmCfvZn8",53
53,-0.7845,Sat Oct 06 09:52:00 +0000 2018,0.635,0.365,0.0,Fox News,Judge OKs death penalty for 'human monster' linked to slayings of 5 California women https://t.co/99XH3MAyd6,54
54,-0.3875,Sat Oct 06 09:45:00 +0000 2018,0.859,0.141,0.0,Fox News,".@seanhannity on Kavanaugh nomination: ""I don't care if you're a Republican or Democrat, liberal or conservative. W‚Ä¶ https://t.co/u1YUg84K5L",55
55,0.0,Sat Oct 06 09:38:00 +0000 2018,1.0,0.0,0.0,Fox News,NBC station fires reporter for wearing MAGA hat while covering @realDonaldTrump rally https://t.co/7WiqYeog2a,56
56,-0.25,Sat Oct 06 09:30:00 +0000 2018,0.833,0.109,0.057,Fox News,".@SenatorCollins on Kavanaugh nomination: ""I do not believe that these charges can fairly prevent Judge Kavanaugh f‚Ä¶ https://t.co/d7bkOYcsMF",57
57,0.0,Sat Oct 06 09:22:00 +0000 2018,1.0,0.0,0.0,Fox News,"RACCOONS VS. SPRINKLER: The Greenwood Wildlife Rehabilitation Center in Boulder, Colorado, released this video of r‚Ä¶ https://t.co/0JU5abkYs3",58
58,0.2263,Sat Oct 06 09:15:00 +0000 2018,0.739,0.108,0.153,Fox News,".@SenJohnKennedy: ""There are no winners I'll bet you...this time tomorrow night Judge Kavanaugh...he won't feel lik‚Ä¶ https://t.co/9wl7VMir0K",59
59,-0.2263,Sat Oct 06 09:07:00 +0000 2018,0.853,0.147,0.0,Fox News,"La Croix contains same ingredient found in cockroach insecticide, lawsuit claims https://t.co/gZnkEHIRIb",60
60,-0.5733,Sat Oct 06 09:00:01 +0000 2018,0.761,0.239,0.0,Fox News,".@JesseBWatters on Kavanaugh testimony: ""Democrats don't like the fact that he cried, because that emotion propelle‚Ä¶ https://t.co/mpzylGYM0N",61
61,0.0,Sat Oct 06 08:52:00 +0000 2018,1.0,0.0,0.0,Fox News,"Zac Brown, wife Shelly divorcing after 12 years of marriage: 'We have led a whirlwind life' https://t.co/FqFBkKqGq8",62
62,-0.3818,Sat Oct 06 08:45:00 +0000 2018,0.874,0.126,0.0,Fox News,".@SenTedCruz: ""I think this Kavanaugh fight really underscores what the stakes are in U.S. Senate races across the‚Ä¶ https://t.co/MUhWozSxSN",63
63,0.128,Sat Oct 06 08:38:00 +0000 2018,0.87,0.0,0.13,Fox News,@ChuckGrassley demands correspondence between Ford legal team and Dem senators https://t.co/blv5JHsUCU,64
64,0.4767,Sat Oct 06 08:30:00 +0000 2018,0.853,0.0,0.147,Fox News,".@JesseBWatters on Kavanaugh nomination: ""I think people respect the fact that this president did not back down, th‚Ä¶ https://t.co/QfTPN9Hkb3",65
65,0.0,Sat Oct 06 08:21:00 +0000 2018,1.0,0.0,0.0,Fox News,"West Virginia's @Sen_JoeManchin, a red-state Democrat and key swing vote, described Judge Brett Kavanaugh Friday.‚Ä¶ https://t.co/lBDBJEulqd",66
66,0.0,Sat Oct 06 08:15:00 +0000 2018,1.0,0.0,0.0,Fox News,".@SenMikeLee: ‚ÄúSure, he raised his voice. Absolutely he did. I think most people‚Ä¶if faced with the kinds of accusat‚Ä¶ https://t.co/XMNwVYxWue",67
67,0.5574,Sat Oct 06 08:09:35 +0000 2018,0.806,0.0,0.194,Fox News,U.S. Senators make remarks about the nomination of Judge Brett Kavanaugh to the Supreme Court.‚Ä¶ https://t.co/UKe6nXwZod,68
68,0.4404,Sat Oct 06 08:07:00 +0000 2018,0.756,0.0,0.244,Fox News,American Bar Association reconsiders supporting Kavanaugh due to 'temperament' https://t.co/hNfIIMWtJA,69
69,-0.765,Sat Oct 06 07:59:00 +0000 2018,0.72,0.28,0.0,Fox News,".@seanhannity: ""For the last 22 days we Americans, we have witnessed what is an unrivaled insanity, a madness that‚Ä¶ https://t.co/C9s3MzDLgG",70
70,0.7506,Sat Oct 06 07:52:00 +0000 2018,0.67,0.0,0.33,Fox News,"Former President @GeorgeHWBush praised the ""political courage and class"" displayed by @SenatorCollins following her‚Ä¶ https://t.co/I8NIrDKL1A",71
71,-0.5574,Sat Oct 06 07:45:00 +0000 2018,0.854,0.146,0.0,Fox News,".@SenTedCruz: ""What we've seen in the last two years is the extreme left is just filled with rage, they're filled w‚Ä¶ https://t.co/bR0CDJXlG3",72
72,0.4939,Sat Oct 06 07:38:00 +0000 2018,0.833,0.0,0.167,Fox News,"Claim of 'thorough' FBI probe of Kavanaugh is 'absurd,' says friend of Ford who wasn't interviewed https://t.co/ubsgpjwm1J",73
73,-0.2732,Sat Oct 06 07:30:00 +0000 2018,0.669,0.209,0.121,Fox News,".@SenTedCruz on Kavanaugh nomination: ""It was a ridiculous circus and they were willing to smear a good man and his‚Ä¶ https://t.co/52WZljnDTF",74
74,0.0,Sat Oct 06 07:22:00 +0000 2018,1.0,0.0,0.0,Fox News,GOP congressman offers plane so Sen. Daines can attend daughter's Montana wedding and still vote for Kavanaugh https://t.co/de4bV6EUfd,75
75,0.3612,Sat Oct 06 07:15:00 +0000 2018,0.878,0.0,0.122,Fox News,".@LindseyGrahamSC: ""One thing I like about @SenatorCollins: If you think you can change her mind by yelling at her‚Ä¶ https://t.co/06hKFdWVjj",76
76,-0.296,Sat Oct 06 07:09:00 +0000 2018,0.833,0.167,0.0,Fox News,"New Navy ship-to-shore connector transports tanks, brings new amphibious warfare era https://t.co/gZvTDP3smr",77
77,0.4404,Sat Oct 06 07:01:00 +0000 2018,0.734,0.0,0.266,Fox News,Dodgers blank Braves 3-0 for 2-0 NLDS lead https://t.co/HatI06bSg9,78
78,0.4215,Sat Oct 06 06:55:00 +0000 2018,0.851,0.0,0.149,Fox News,".@LindseyGrahamSC on @SenatorCollins' Kavanaugh remarks: ""I think she saved the Senate and the judiciary from slidi‚Ä¶ https://t.co/8SBqjoRNzb",79
79,0.0,Sat Oct 06 06:50:00 +0000 2018,1.0,0.0,0.0,Fox News,Olympic swimmer Ryan Lochte to seek treatment for alcohol addiction: report https://t.co/xQ7xh1JHP4,80
80,0.1531,Sat Oct 06 06:45:00 +0000 2018,0.89,0.0,0.11,Fox News,"Police union leader blasts Van Dyke verdict, says it resulted from 'sham trial' https://t.co/pQzmbtzpB4",81
81,0.0,Sat Oct 06 06:38:00 +0000 2018,1.0,0.0,0.0,Fox News,America Speaks Out: @FoxNewsNight sent crews out in cities across the country Friday to ask whether the Kavanaugh c‚Ä¶ https://t.co/Y31mWUpng4,82
82,0.5574,Sat Oct 06 06:34:26 +0000 2018,0.806,0.0,0.194,Fox News,U.S. Senators make remarks about the nomination of Judge Brett Kavanaugh to the Supreme Court.‚Ä¶ https://t.co/4Qes0jO9h8,83
83,0.0,Sat Oct 06 06:31:00 +0000 2018,1.0,0.0,0.0,Fox News,"Astros hit 4 HRs, down Indians 7-2 in ALDS opener https://t.co/Aau0aQUx0o",84
84,-0.3182,Sat Oct 06 06:24:00 +0000 2018,0.837,0.163,0.0,Fox News,".@KristySwansonXO: ‚ÄúI have a hard time understanding all these protests by women and the marches, and I don‚Äôt get i‚Ä¶ https://t.co/ZCuy1Skw9n",85
85,0.0,Sat Oct 06 06:17:00 +0000 2018,1.0,0.0,0.0,Fox News,"HEADS UP: In advance of Fleet Week performances, Team Oracle aerobatics pilot Sean D. Tucker and the @USNavy Blue A‚Ä¶ https://t.co/BHcFznt9pC",86
86,0.6908,Sat Oct 06 06:10:00 +0000 2018,0.749,0.0,0.251,Fox News,.@robertjeffress on Evangelicals supporting @POTUS: ‚ÄúNo faith has ever done more to elevate the status of women tha‚Ä¶ https://t.co/FSL0TLoF8K,87
87,0.0,Sat Oct 06 06:03:00 +0000 2018,1.0,0.0,0.0,Fox News,"Tourist gets 'red dragon' massage in Bali, ends up with painful-looking red marks across back https://t.co/swKu4XxBR8",88
88,0.0,Sat Oct 06 05:56:00 +0000 2018,1.0,0.0,0.0,Fox News,".@robertjeffress on Kavanaugh: ‚ÄúHe is not a radical, and I think those who expect Judge Kavanaugh to suddenly start‚Ä¶ https://t.co/UJZ8OhDZBY",89
89,-0.4019,Sat Oct 06 05:49:00 +0000 2018,0.748,0.252,0.0,Fox News,"'Grow Up': @SenOrrinHatch Waves Away Female Protesters Who 
Confronted Him About Kavanaugh https://t.co/ZYUtRMZtFI",90
90,-0.4585,Sat Oct 06 05:42:00 +0000 2018,0.842,0.158,0.0,Fox News,".@RandyEBarnett: ‚ÄúIf I were a progressive, I would not be happy with what‚Äôs happening now. So I really don‚Äôt blame‚Ä¶ https://t.co/BsViM6mTMq",91
91,0.6908,Sat Oct 06 05:35:00 +0000 2018,0.759,0.0,0.241,Fox News,".@seanhannity: ""She bravely restored common sense, decency to the U.S. Senate today and led by example, and she had‚Ä¶ https://t.co/hEaHNWhINg",92
92,0.5574,Sat Oct 06 05:35:00 +0000 2018,0.806,0.0,0.194,Fox News,U.S. Senators make remarks about the nomination of Judge Brett Kavanaugh to the Supreme Court.‚Ä¶ https://t.co/2QsMQIBul1,93
93,0.1027,Sat Oct 06 05:28:00 +0000 2018,0.702,0.14,0.158,Fox News,.@TheJuanWilliams: ‚ÄúI think there‚Äôs gonna be damage to the Supreme Court ‚Äî and anything that Judge Kavanaugh touche‚Ä¶ https://t.co/FGUCG7c17R,94
94,-0.5994,Sat Oct 06 05:22:00 +0000 2018,0.671,0.329,0.0,Fox News,"Suspected Senate Doxxer had secret Twitter account repeatedly attacking GOP, Kavanaugh https://t.co/os17lLqc32",95
95,0.4588,Sat Oct 06 05:15:00 +0000 2018,0.824,0.0,0.176,Fox News,.@SenMikeLee: ‚ÄúI applaud @SenatorCollins for voting the way that she believes is right.‚Äù @FoxNewsNight‚Ä¶ https://t.co/21PBnYXT08,96
96,0.0,Sat Oct 06 05:08:00 +0000 2018,1.0,0.0,0.0,Fox News,"Interpol president Meng Hongwei vanishes during trip to China, official says https://t.co/XQIAm66enq",97
97,-0.8074,Sat Oct 06 05:05:06 +0000 2018,0.601,0.399,0.0,Fox News,"South Carolina father, son both denied bond in aftermath of police killing https://t.co/iZq8ig6BHM",98
98,0.0,Sat Oct 06 05:01:00 +0000 2018,1.0,0.0,0.0,Fox News,.@SenMikeLee: ‚ÄúBrett Kavanaugh has weathered this exceptionally well.‚Äù @FoxNewsNight https://t.co/RCdoHOJU4L,99
99,-0.6124,Sat Oct 06 04:52:00 +0000 2018,0.75,0.25,0.0,Fox News,"Maryland woman allegedly sets apartment complex on fire because she was 'upset with ex-boyfriend,' officials say https://t.co/WsnYKPaiwH",100
0,-0.34,Sat Oct 06 15:20:06 +0000 2018,0.897,0.103,0.0,The New York Times,"Moments after the gavel sounded on the $1.4 million sale of the Banksy artwork, an alarm sounded and it slipped thr‚Ä¶ https://t.co/DnbgLEH4BJ",1
1,-0.6597,Sat Oct 06 15:04:04 +0000 2018,0.652,0.27,0.078,The New York Times,"During a critical point in the Vietnam War, a top U.S. military commander activated a plan to move tactical nuclear‚Ä¶ https://t.co/b9tdUoxqit",2
2,-0.0762,Sat Oct 06 14:49:45 +0000 2018,0.936,0.064,0.0,The New York Times,White House counsel Donald F. McGahn II reportedly told President Trump they could not legally order an unlimited F‚Ä¶ https://t.co/dVRqI0VSLT,3
3,-0.3412,Sat Oct 06 14:33:02 +0000 2018,0.876,0.124,0.0,The New York Times,"""If 'Seinfeld' was a show about nothing, 'The Good Place' is a show about everything ‚Äî including, and especially, g‚Ä¶ https://t.co/hIY5YWCyrR",4
4,-0.6486,Sat Oct 06 14:16:03 +0000 2018,0.807,0.193,0.0,The New York Times,"For months, a reputed mobster has been pursued by someone who wanted him dead. On Thursday, outside a McDonald‚Äôs in‚Ä¶ https://t.co/PGVGLHBhr3",5
5,0.34,Sat Oct 06 14:00:14 +0000 2018,0.882,0.0,0.118,The New York Times,"Potentially for sale: $22 million in real estate, some purchased with the ill-gotten gains of Paul Manafort. Here's‚Ä¶ https://t.co/39IRoEE4IR",6
6,0.8625,Sat Oct 06 13:45:03 +0000 2018,0.652,0.0,0.348,The New York Times,A rare thing happened with the Nobel Prizes for physics and chemistry: Women won them. Here's the week in good news. https://t.co/9DywwIlL9s,7
7,0.0,Sat Oct 06 13:30:10 +0000 2018,1.0,0.0,0.0,The New York Times,"What service animals can you bring on an Alaska Airlines flight? Dogs, cats and... miniature horses. https://t.co/KGzR0hsCnv",8
8,0.6597,Sat Oct 06 13:15:04 +0000 2018,0.787,0.0,0.213,The New York Times,He once joked with friends he was still single because he was holding out for a supermodel. Then he actually fell i‚Ä¶ https://t.co/KZLjd3lmgr,9
9,0.0,Sat Oct 06 13:02:06 +0000 2018,1.0,0.0,0.0,The New York Times,"The NYT movie review of ""A Star Is Born"" https://t.co/zVFi9rmjtT",10
10,0.0,Sat Oct 06 12:54:38 +0000 2018,1.0,0.0,0.0,The New York Times,Why Count All the Squirrels in Central Park? Why the Heck Not https://t.co/O149ZSDsI8,11
11,-0.2263,Sat Oct 06 12:42:03 +0000 2018,0.909,0.091,0.0,The New York Times,"In Opinion

Emma Gonz√°lez writes, ""This isn‚Äôt something we are ever going to forget about. This isn‚Äôt something we‚Ä¶ https://t.co/HcyM9kgMvr",12
12,0.6369,Sat Oct 06 12:22:04 +0000 2018,0.792,0.0,0.208,The New York Times,"Modern Love: ""You can‚Äôt will the right man into your life simply by planning for him"" https://t.co/jsuiMVhaWj",13
13,0.0,Sat Oct 06 12:02:10 +0000 2018,1.0,0.0,0.0,The New York Times,How to vote early in the 2018 midterm elections https://t.co/u7qJ60Adz5,14
14,0.0,Sat Oct 06 11:47:03 +0000 2018,1.0,0.0,0.0,The New York Times,President Trump has sold himself as a self-made billionaire but our investigation found that he received more than‚Ä¶ https://t.co/WMtwcPbvMq,15
15,0.4005,Sat Oct 06 11:42:02 +0000 2018,0.77,0.0,0.23,The New York Times,"The 19 fall cookbooks @NYTFood is most excited about 
https://t.co/zMPWt4Yrv6",16
16,0.0,Sat Oct 06 11:22:05 +0000 2018,1.0,0.0,0.0,The New York Times,"The man that the Danish government says swindled it out of $2 billion resides in a 10,000 square foot home in Dubai‚Ä¶ https://t.co/KkwyeI7LXC",17
17,0.8126,Sat Oct 06 11:02:04 +0000 2018,0.5,0.088,0.412,The New York Times,A top Democrat promised to open an investigation into accusations against Brett Kavanaugh if the party wins control‚Ä¶ https://t.co/nZOFh4wCBt,18
18,0.0,Sat Oct 06 10:31:11 +0000 2018,1.0,0.0,0.0,The New York Times,Here's everything you need to know for the midterm elections https://t.co/8k4PNToChW,19
19,-0.6249,Sat Oct 06 10:14:49 +0000 2018,0.709,0.291,0.0,The New York Times,Nonfiction: Ben Fountain Takes a Tour Through Our Current Existential Crisis https://t.co/e807w5PDj9,20
20,-0.8225,Sat Oct 06 10:00:36 +0000 2018,0.591,0.409,0.0,The New York Times,Cameroon on Brink of Civil War as English Speakers Recount ‚ÄòUnbearable‚Äô Horrors https://t.co/ORTto6SBpY,21
21,-0.7906,Sat Oct 06 09:53:01 +0000 2018,0.667,0.333,0.0,The New York Times,"An Infant Is Dead, Her Twin Is Injured, and Their Mother Is in Police Custody https://t.co/EfK0UOtMEN",22
22,0.1779,Sat Oct 06 09:49:39 +0000 2018,0.898,0.0,0.102,The New York Times,What's one of the fastest growing sources of greenhouse gas emissions? A new report says plastics. https://t.co/MbmOAkR6oS,23
23,0.0,Sat Oct 06 09:32:06 +0000 2018,1.0,0.0,0.0,The New York Times,"RT @nytimesarts: Bradley Cooper narrates a scene from ""A Star Is Born"" where Lady Gaga's star begins to rise https://t.co/4Ao7ufSNoJ",24
24,0.0,Sat Oct 06 09:29:03 +0000 2018,1.0,0.0,0.0,The New York Times,Danske Bank Faces U.S. Inquiry Over Money Laundering https://t.co/leAVDuQD1H,25
25,0.0,Sat Oct 06 09:07:00 +0000 2018,1.0,0.0,0.0,The New York Times,Taking a trip down California's Highway 1 ‚Äî now reopened in its entirety https://t.co/tBVh2Hruxn,26
26,0.0258,Sat Oct 06 08:49:33 +0000 2018,0.901,0.0,0.099,The New York Times,Nonfiction: How Do We Make the Long-Term Decisions That Matter? https://t.co/OfEg2CA1va,27
27,0.2023,Sat Oct 06 08:42:10 +0000 2018,0.893,0.0,0.107,The New York Times,"Researchers at Johns Hopkins University have recommended that psilocybin, the compound found in hallucinogenic mush‚Ä¶ https://t.co/sUsVsQbGSM",28
28,0.34,Sat Oct 06 08:24:43 +0000 2018,0.806,0.0,0.194,The New York Times,Our cybersecurity reporter @sheeraf explains how she safeguards her devices https://t.co/3WoDLIh7uk,29
29,0.5106,Sat Oct 06 08:08:33 +0000 2018,0.732,0.0,0.268,The New York Times,"Montserrat Caball√©, Revered Spanish Prima Donna, Dies at 85 https://t.co/UcwX6ktqrS",30
30,0.6249,Sat Oct 06 08:06:59 +0000 2018,0.485,0.145,0.37,The New York Times,"How special education is failing T.J., a friendly 12-year-old boy, and many children like him https://t.co/xXTBg6rLsc",31
31,0.0,Sat Oct 06 07:49:39 +0000 2018,1.0,0.0,0.0,The New York Times,"Cindy Sherman has recently taken to Instagram, where she has been producing a series of images utterly unlike anyth‚Ä¶ https://t.co/lLfQrr7rrY",32
32,-0.296,Sat Oct 06 07:32:04 +0000 2018,0.891,0.109,0.0,The New York Times,RT @nytimesworld: The president of Interpol has been reported missing by his wife after he traveled to China https://t.co/7LuAb3xOAV,33
33,0.4404,Sat Oct 06 07:08:01 +0000 2018,0.813,0.0,0.187,The New York Times,"In Opinion

""A growing body of literature suggesting that the immune system is involved in psychiatric disorders fr‚Ä¶ https://t.co/fz7xFXzUbs",34
34,0.0,Sat Oct 06 06:51:54 +0000 2018,1.0,0.0,0.0,The New York Times,Her home in Vienna was confiscated by the Nazis in 1940. She later secretly moved back in and spied on the SS offic‚Ä¶ https://t.co/yToDt22OEn,35
35,-0.5009,Sat Oct 06 06:35:04 +0000 2018,0.854,0.146,0.0,The New York Times,"In this Ukrainian town, almost everyone speaks Hungarian. It offers another example of why it so difficult for Ukra‚Ä¶ https://t.co/nGoyGSsKEA",36
36,0.7351,Sat Oct 06 06:07:17 +0000 2018,0.721,0.0,0.279,The New York Times,"This Greek-style broiled shrimp dish is ready in just 10 minutes, making it the perfect weeknight recipe https://t.co/GHT4G0EoyQ",37
37,0.7096,Sat Oct 06 05:49:18 +0000 2018,0.688,0.0,0.312,The New York Times,"The best TV shows and movies new to Netflix, Amazon and more in October https://t.co/XJclRYR6Zy",38
38,-0.6369,Sat Oct 06 05:32:03 +0000 2018,0.66,0.243,0.097,The New York Times,RT @nytopinion: A vote for Brett Kavanaugh delivered a message to women who‚Äôve suffered sexual assault: If the powerful can find a way to n‚Ä¶,39
39,0.891,Sat Oct 06 05:03:02 +0000 2018,0.616,0.0,0.384,The New York Times,"The first time our correspondent met the Nobel Peace Prize winner Dr. Denis Mukwege, the doctor was performing arou‚Ä¶ https://t.co/iCJ3HXIl9N",40
40,0.0,Sat Oct 06 04:47:04 +0000 2018,1.0,0.0,0.0,The New York Times,"RT @marclacey: ""I flail, I gasp, and I make barbaric yawps‚Äîeven though the pool I‚Äôm using is only four feet deep, even though I have a kick‚Ä¶",41
41,0.4404,Sat Oct 06 04:33:16 +0000 2018,0.861,0.0,0.139,The New York Times,"When Donald Trump was 3 years old, his father effectively made him a landlord. Here‚Äôs how Fred Trump‚Äôs maneuver cre‚Ä¶ https://t.co/BWzvJNdjD7",42
42,0.4019,Sat Oct 06 04:17:01 +0000 2018,0.876,0.0,0.124,The New York Times,Ford is in talks with Volkswagen about a broad partnership that could help turn around its ailing operations in Eur‚Ä¶ https://t.co/b03SFMpgSC,43
43,0.0,Sat Oct 06 04:08:57 +0000 2018,1.0,0.0,0.0,The New York Times,"Red Sox 5, Yankees 4 | Boston leads series, 1-0: Red Sox Hang On to Beat Yankees in Game 1 https://t.co/pRLiKEgjol",44
44,-0.9081,Sat Oct 06 04:02:08 +0000 2018,0.612,0.388,0.0,The New York Times,After the Chicago police officer Jason Van Dyke was found guilty of second-degree murder in the death of Laquan McD‚Ä¶ https://t.co/vVuZgucG6K,45
45,0.3612,Sat Oct 06 03:55:05 +0000 2018,0.821,0.0,0.179,The New York Times,Want to share a confidential news tip with The New York Times? Here's how you do it: https://t.co/Q6c7hrPQd7 https://t.co/eaDV29QTst,46
46,0.0,Sat Oct 06 03:47:03 +0000 2018,1.0,0.0,0.0,The New York Times,"RT @ByJamesWagner: What Alex Cora means to baseball (where there are few Latino managers), Boston (a city with a complicated past &amp; many Pu‚Ä¶",47
47,0.0,Sat Oct 06 03:32:03 +0000 2018,1.0,0.0,0.0,The New York Times,Taking a trip down California's Highway 1 ‚Äî now reopened in its entirety https://t.co/oGDHbTFeN8,48
48,0.6428,Sat Oct 06 03:17:06 +0000 2018,0.745,0.048,0.207,The New York Times,"RT @nytpolitics: Senator Steve Daines probably won‚Äôt be needed to confirm Judge Kavanaugh to the Supreme Court, but he‚Äôs ready to leave his‚Ä¶",49
49,0.0,Sat Oct 06 03:02:01 +0000 2018,1.0,0.0,0.0,The New York Times,Our investigation revealed that Donald Trump received the equivalent today of at least $413 million from his father‚Ä¶ https://t.co/TLTNm4X7XC,50
50,-0.7574,Sat Oct 06 02:47:01 +0000 2018,0.662,0.276,0.062,The New York Times,"Global warming is bringing the planet into an era of wilder, more dangerous rains with ruinous and long-lasting con‚Ä¶ https://t.co/cTi2B2LWn6",51
51,0.4939,Sat Oct 06 02:32:02 +0000 2018,0.868,0.0,0.132,The New York Times,"This simple change in the way you get out of your car can save lives ‚Äî of cyclists, drivers and passengers. Here‚Äôs‚Ä¶ https://t.co/1Xin36tgTB",52
52,-0.3089,Sat Oct 06 02:17:01 +0000 2018,0.907,0.093,0.0,The New York Times,RT @nytopinion: Most Americans are not where this Senate majority is. They do not support President Trump. They do not approve of relentles‚Ä¶,53
53,0.0,Sat Oct 06 02:02:01 +0000 2018,1.0,0.0,0.0,The New York Times,"The man that the Danish government says swindled it out of $2 billion resides in a 10,000 square foot home in Dubai‚Ä¶ https://t.co/TjcEYEGDJg",54
54,0.4939,Sat Oct 06 01:45:09 +0000 2018,0.792,0.0,0.208,The New York Times,Senator Susan Collins took to the Senate floor and delivered a 45-minute point-by-point defense of her support for‚Ä¶ https://t.co/FDzRLUqY25,55
55,0.2975,Sat Oct 06 01:30:03 +0000 2018,0.885,0.0,0.115,The New York Times,"To the right and left alike, Judge Kavanaugh‚Äôs nomination appears less like a final spasm of division ‚Äî a sobering‚Ä¶ https://t.co/jXFaMlvvFf",56
56,0.4019,Sat Oct 06 01:17:05 +0000 2018,0.876,0.0,0.124,The New York Times,RT @nytpolitics: Senator Susan Collins delivered a speech on the Senate floor explaining her decision to support Judge Brett Kavanaugh‚Äôs co‚Ä¶,57
57,0.0,Sat Oct 06 01:02:04 +0000 2018,1.0,0.0,0.0,The New York Times,Evening Briefing: Here's what you need to know at the end of the day https://t.co/AlQnsOMTpn,58
58,-0.296,Sat Oct 06 00:47:02 +0000 2018,0.885,0.115,0.0,The New York Times,"Citing 6 recent inmate deaths, a Cleveland judge said he would release people accused of low-level crimes on their‚Ä¶ https://t.co/DAwLd9yvf9",59
59,0.4215,Sat Oct 06 00:32:06 +0000 2018,0.896,0.0,0.104,The New York Times,"The FDA approved an expansion of the age range for the HPV vaccine, so it can now be used in people ages 27 through‚Ä¶ https://t.co/BLhkyefPiQ",60
60,-0.8271,Sat Oct 06 00:17:02 +0000 2018,0.675,0.325,0.0,The New York Times,RT @marclacey: Here's how rare it is for a police officer to face prison for killing a black person: https://t.co/S6IekxiOck,61
61,0.0,Sat Oct 06 00:02:05 +0000 2018,1.0,0.0,0.0,The New York Times,"At Babe Ruth's resting place, cemetery workers find ‚öæüå≠üçïüçª and more https://t.co/DEHsWhJK7b",62
62,0.0,Fri Oct 05 23:51:01 +0000 2018,1.0,0.0,0.0,The New York Times,Get our On Politics newsletter delivered to your inbox. Sign up here: https://t.co/z8lYRF1UVP,63
63,0.0,Fri Oct 05 23:47:01 +0000 2018,1.0,0.0,0.0,The New York Times,"From our On Politics newsletter: If Senator Lisa Murkowski is unique, perhaps it‚Äôs because her home state‚Äôs politic‚Ä¶ https://t.co/RjLpBeHjyP",64
64,-0.7269,Fri Oct 05 23:32:06 +0000 2018,0.756,0.244,0.0,The New York Times,No time to wait for your phone to charge up? No problem ‚Äî these tips will get you the most battery power in the lea‚Ä¶ https://t.co/MPzov0YfKW,65
65,0.8591,Fri Oct 05 23:17:03 +0000 2018,0.698,0.0,0.302,The New York Times,RT @nytvideo: ‚ÄúThe world has started listening to women.‚Äù Two activists were awarded the 2018 Nobel Peace Prize for their work to end the u‚Ä¶,66
66,0.4019,Fri Oct 05 23:02:07 +0000 2018,0.791,0.065,0.144,The New York Times,"In 2015, Leon Lederman, a Nobel Prize-winning physicist, had to sell his medal for $765,000 to pay medical bills https://t.co/NyHdAoLFZ4",67
67,0.0,Fri Oct 05 22:47:02 +0000 2018,1.0,0.0,0.0,The New York Times,Evening Briefing: Here's what you need to know at the end of the day https://t.co/03lLEcTPTO,68
68,0.4019,Fri Oct 05 22:36:04 +0000 2018,0.876,0.0,0.124,The New York Times,"RT @TomJolly: Here‚Äôs a look at the special section coming in the Sunday @nytimes, reprinting the two investigative stories on ‚Å¶@realDonaldT‚Ä¶",69
69,0.2263,Fri Oct 05 22:32:04 +0000 2018,0.863,0.0,0.137,The New York Times,Here's a list of early voting dates for the states that allow it https://t.co/SNqAUsnLNe,70
70,0.1531,Fri Oct 05 22:17:02 +0000 2018,0.761,0.091,0.149,The New York Times,RT @MitchKSmith: Some jurors are now talking to reporters about the verdict. It sounds like the disagreement was on whether to convict on f‚Ä¶,71
71,-0.4215,Fri Oct 05 22:02:05 +0000 2018,0.851,0.149,0.0,The New York Times,Kerry James Marshall is exasperated by the potential sale of a public mural of his in Chicago https://t.co/vQngwgwTBs,72
72,-0.8176,Fri Oct 05 21:41:03 +0000 2018,0.746,0.254,0.0,The New York Times,"RT @MitchKSmith: For the first time in nearly 50 years, a Chicago police officer has been convicted of murder. Jason Van Dyke is guilty of‚Ä¶",73
73,0.8519,Fri Oct 05 21:20:04 +0000 2018,0.542,0.0,0.458,The New York Times,"RT @kimseverson: Dear Twitter,                              Here are the cookbooks we like best this season.                             Lo‚Ä¶",74
74,0.5346,Fri Oct 05 21:12:06 +0000 2018,0.81,0.0,0.19,The New York Times,"RT @MitchKSmith: Joseph McMahon, the special prosecutor, calls it a ‚Äúgratifying verdict.‚Äù He adds: ‚ÄúBut we all know that this verdict does‚Ä¶",75
75,0.8126,Fri Oct 05 21:07:59 +0000 2018,0.5,0.088,0.412,The New York Times,A top Democrat promised to open an investigation into accusations against Brett Kavanaugh if the party wins control‚Ä¶ https://t.co/v8eOOGZT9d,76
76,0.0,Fri Oct 05 21:00:21 +0000 2018,1.0,0.0,0.0,The New York Times,"The NYT review of ""A Star Is Born"" https://t.co/4xofqZKIud",77
77,0.0,Fri Oct 05 20:45:05 +0000 2018,1.0,0.0,0.0,The New York Times,"RT @dagnysalas: Everything from @nytimes in one place on Brett Kavanaugh, how the Senate is voting and more https://t.co/vSNb9b9s8C",78
78,0.5927,Fri Oct 05 20:35:03 +0000 2018,0.839,0.0,0.161,The New York Times,"Employers added only 134,000 jobs to their payrolls last month, but the numbers are better than that single data po‚Ä¶ https://t.co/SZQTr6f3wN",79
79,0.0,Fri Oct 05 20:25:06 +0000 2018,1.0,0.0,0.0,The New York Times,"RT @MitchKSmith: It is extraordinarily rare for a police officer to be convicted in an on-duty shooting. Last year, a series of closely wat‚Ä¶",80
80,0.8591,Fri Oct 05 20:15:04 +0000 2018,0.627,0.0,0.373,The New York Times,"Denis Mukwege is a Congolese gynecological surgeon who was awarded the Nobel Peace Prize. Over time, he has become‚Ä¶ https://t.co/vrZouwyJIL",81
81,0.0,Fri Oct 05 20:08:11 +0000 2018,1.0,0.0,0.0,The New York Times,"Breaking News: Senator Joe Manchin, a Democrat up for re-election, said he‚Äôd vote to confirm Brett Kavanaugh shortl‚Ä¶ https://t.co/Pbk3FCvlCq",82
82,0.5774,Fri Oct 05 20:00:10 +0000 2018,0.774,0.051,0.175,The New York Times,Review: ‚ÄúA Crooked Somebody‚Äù doesn‚Äôt mind watching its characters squirm a little. That‚Äôs tough for them but good f‚Ä¶ https://t.co/sprCywFsRx,83
83,0.0,Fri Oct 05 19:52:45 +0000 2018,1.0,0.0,0.0,The New York Times,"Breaking News: Senator Susan Collins, a Republican, said she‚Äôd vote to confirm Judge Brett Kavanaugh to the Supreme‚Ä¶ https://t.co/re7zrxaEV4",84
84,0.0,Fri Oct 05 19:45:06 +0000 2018,1.0,0.0,0.0,The New York Times,A sheet pan takes the concept of a one-pot meal and flips it onto a pan https://t.co/yjo0ldzyyZ https://t.co/HW77zqTVwZ,85
85,0.0,Fri Oct 05 19:30:04 +0000 2018,1.0,0.0,0.0,The New York Times,Her home in Vienna was confiscated by the Nazis in 1940. She later secretly moved back in and spied on the SS offic‚Ä¶ https://t.co/UIfZQ2NrxO,86
86,0.4404,Fri Oct 05 19:15:06 +0000 2018,0.854,0.0,0.146,The New York Times,Conservatives hope to use the liberal opposition to Brett Kavanaugh‚Äôs nomination as a graphic example of the threat‚Ä¶ https://t.co/Md7ORn1VQx,87
87,-0.8176,Fri Oct 05 19:10:07 +0000 2018,0.615,0.385,0.0,The New York Times,"RT @NYTNational: ‚ö°Ô∏è ‚ÄúChicago officer found guilty of murder in Laquan McDonald case‚Äù

https://t.co/fNL73Or7El",88
88,0.0,Fri Oct 05 19:02:43 +0000 2018,1.0,0.0,0.0,The New York Times,Breaking News: A white Chicago police officer who shot a black teenager 16 times was convicted of second-degree mur‚Ä¶ https://t.co/E11ELSygND,89
89,0.0,Fri Oct 05 19:00:10 +0000 2018,1.0,0.0,0.0,The New York Times,"For some, the sight of Melania Trump on a Kenyan safari wearing a white pith helmet ‚Äî a common symbol of European c‚Ä¶ https://t.co/xSkZPqb8XP",90
90,0.0,Fri Oct 05 18:45:09 +0000 2018,1.0,0.0,0.0,The New York Times,"5 million Americans make their own bullets and shells. They say it's a therapeutic hobby, a money-saver and a way t‚Ä¶ https://t.co/CeXrrc4GU7",91
91,-0.2263,Fri Oct 05 18:30:04 +0000 2018,0.909,0.091,0.0,The New York Times,"In Opinion

Emma Gonz√°lez writes, ""This isn‚Äôt something we are ever going to forget about. This isn‚Äôt something we‚Ä¶ https://t.co/tXBQhvJ72K",92
92,0.0,Fri Oct 05 18:20:05 +0000 2018,1.0,0.0,0.0,The New York Times,"RT @NYTNational: ‚ÄúI flail, I gasp, and I make barbaric yawps ‚Äî even though the pool I‚Äôm using is only four feet deep, even though I have a‚Ä¶",93
93,0.0,Fri Oct 05 18:10:03 +0000 2018,1.0,0.0,0.0,The New York Times,Here are the 4 key senators as the Senate moves toward a final vote Saturday on Judge Brett Kavanaugh https://t.co/J3v8dl9l5h,94
94,0.3818,Fri Oct 05 17:55:03 +0000 2018,0.841,0.0,0.159,The New York Times,"By the Book: What does Tom Hanks look for in a novel? ""Authenticity. I want to see the world accurately, and histor‚Ä¶ https://t.co/eBRl9N9ntt",95
95,0.0,Fri Oct 05 17:40:08 +0000 2018,1.0,0.0,0.0,The New York Times,"Exactly one year ago, reporting on Harvey Weinstein unleashed a movement. What will the next year bring? It‚Äôs hard‚Ä¶ https://t.co/IlgH7jKDzQ",96
96,0.0,Fri Oct 05 17:25:07 +0000 2018,1.0,0.0,0.0,The New York Times,Senator Lisa Murkowski was the only Republican to vote against moving ahead with Brett Kavanaugh‚Äôs confirmation to‚Ä¶ https://t.co/Kb2Fcwfwzo,97
97,-0.5267,Fri Oct 05 17:10:08 +0000 2018,0.794,0.206,0.0,The New York Times,"Trump claimed, without proof, that some of the women protesting the nomination of Brett Kavanaugh by confronting se‚Ä¶ https://t.co/VBy87p1J5h",98
98,0.0,Fri Oct 05 16:55:06 +0000 2018,1.0,0.0,0.0,The New York Times,There are many theories for why there are so few black kickers and punters at historically black colleges. Here are‚Ä¶ https://t.co/9OaEv8LWqS,99
99,0.6369,Fri Oct 05 16:48:36 +0000 2018,0.811,0.0,0.189,The New York Times,"Modern Love: ""You can‚Äôt will the right man into your life simply by planning for him"" https://t.co/M8RNLZuJom [Corrects link]",100
